source_csv_path,source_row_number,image_index,true_label,adv_label,patch_x,patch_y,patch_size,upper_bound,timeout_milp_s,add_bool_constraints,use_refine_poly,middle_bound,run_scope,global_attempt_index,label_attempt_index,current_depth,status_code,status_name,final_outcome,is_timeout,is_adversarial_found,iteration_runtime_seconds,iteration_runtime_source,attempt_runtime_seconds,parent_total_run_time_seconds,parent_status,parent_attempt_count,parent_max_depth_reached,log_path
/root/Projects/Nathan/Patch-Attack-Verification/csv/recursive_timeout_refinement_20260326_175035.csv,1,2,1,0,0,0,10,0.7,15.0,True,False,0.5,initial_all_labels,0,1,0,11,INTERRUPTED,verified,False,False,0.9722204208374023,initial_label_local_verify_time,70.378409,289.668977,MaxDepthTimeout,9,4,/root/Projects/Nathan/Patch-Attack-Verification/logs/20260326/20260326_175035_ub_0p7_timeout_15_try_01/000_all_labels_eran_run.log
/root/Projects/Nathan/Patch-Attack-Verification/csv/recursive_timeout_refinement_20260326_175035.csv,1,2,1,2,0,0,10,0.7,15.0,True,False,0.5,initial_all_labels,0,1,0,9,TIME_LIMIT,timeout,True,False,,initial_label_local_missing,70.378409,289.668977,MaxDepthTimeout,9,4,/root/Projects/Nathan/Patch-Attack-Verification/logs/20260326/20260326_175035_ub_0p7_timeout_15_try_01/000_all_labels_eran_run.log
/root/Projects/Nathan/Patch-Attack-Verification/csv/recursive_timeout_refinement_20260326_175035.csv,1,2,1,3,0,0,10,0.7,15.0,True,False,0.5,initial_all_labels,0,1,0,6,CUTOFF,verified,False,False,4.1379077434539795,initial_label_local_verify_time,70.378409,289.668977,MaxDepthTimeout,9,4,/root/Projects/Nathan/Patch-Attack-Verification/logs/20260326/20260326_175035_ub_0p7_timeout_15_try_01/000_all_labels_eran_run.log
/root/Projects/Nathan/Patch-Attack-Verification/csv/recursive_timeout_refinement_20260326_175035.csv,1,2,1,4,0,0,10,0.7,15.0,True,False,0.5,initial_all_labels,0,1,0,6,CUTOFF,verified,False,False,4.0383923053741455,initial_label_local_verify_time,70.378409,289.668977,MaxDepthTimeout,9,4,/root/Projects/Nathan/Patch-Attack-Verification/logs/20260326/20260326_175035_ub_0p7_timeout_15_try_01/000_all_labels_eran_run.log
/root/Projects/Nathan/Patch-Attack-Verification/csv/recursive_timeout_refinement_20260326_175035.csv,1,2,1,5,0,0,10,0.7,15.0,True,False,0.5,initial_all_labels,0,1,0,6,CUTOFF,verified,False,False,3.9024035930633545,initial_label_local_verify_time,70.378409,289.668977,MaxDepthTimeout,9,4,/root/Projects/Nathan/Patch-Attack-Verification/logs/20260326/20260326_175035_ub_0p7_timeout_15_try_01/000_all_labels_eran_run.log
/root/Projects/Nathan/Patch-Attack-Verification/csv/recursive_timeout_refinement_20260326_175035.csv,1,2,1,6,0,0,10,0.7,15.0,True,False,0.5,initial_all_labels,0,1,0,6,CUTOFF,verified,False,False,3.4457688331604004,initial_label_local_verify_time,70.378409,289.668977,MaxDepthTimeout,9,4,/root/Projects/Nathan/Patch-Attack-Verification/logs/20260326/20260326_175035_ub_0p7_timeout_15_try_01/000_all_labels_eran_run.log
/root/Projects/Nathan/Patch-Attack-Verification/csv/recursive_timeout_refinement_20260326_175035.csv,1,2,1,7,0,0,10,0.7,15.0,True,False,0.5,initial_all_labels,0,1,0,9,TIME_LIMIT,timeout,True,False,,initial_label_local_missing,70.378409,289.668977,MaxDepthTimeout,9,4,/root/Projects/Nathan/Patch-Attack-Verification/logs/20260326/20260326_175035_ub_0p7_timeout_15_try_01/000_all_labels_eran_run.log
/root/Projects/Nathan/Patch-Attack-Verification/csv/recursive_timeout_refinement_20260326_175035.csv,1,2,1,8,0,0,10,0.7,15.0,True,False,0.5,initial_all_labels,0,1,0,6,CUTOFF,verified,False,False,4.3712499141693115,initial_label_local_verify_time,70.378409,289.668977,MaxDepthTimeout,9,4,/root/Projects/Nathan/Patch-Attack-Verification/logs/20260326/20260326_175035_ub_0p7_timeout_15_try_01/000_all_labels_eran_run.log
/root/Projects/Nathan/Patch-Attack-Verification/csv/recursive_timeout_refinement_20260326_175035.csv,1,2,1,9,0,0,10,0.7,15.0,True,False,0.5,initial_all_labels,0,1,0,6,CUTOFF,verified,False,False,3.218167304992676,initial_label_local_verify_time,70.378409,289.668977,MaxDepthTimeout,9,4,/root/Projects/Nathan/Patch-Attack-Verification/logs/20260326/20260326_175035_ub_0p7_timeout_15_try_01/000_all_labels_eran_run.log
/root/Projects/Nathan/Patch-Attack-Verification/csv/recursive_timeout_refinement_20260326_175035.csv,1,2,1,2,0,0,10,0.7,15.0,True,False,0.5,single_label_rerun,1,2,1,9,TIME_LIMIT,timeout,True,False,27.398325,rerun_attempt_runtime,27.398325,289.668977,MaxDepthTimeout,9,4,/root/Projects/Nathan/Patch-Attack-Verification/logs/20260326/20260326_175035_ub_0p7_timeout_15_try_01/001_adv_label_2_eran_run.log
/root/Projects/Nathan/Patch-Attack-Verification/csv/recursive_timeout_refinement_20260326_175035.csv,1,2,1,2,0,0,10,0.7,15.0,True,False,0.5,single_label_rerun,2,3,2,9,TIME_LIMIT,timeout,True,False,26.973234,rerun_attempt_runtime,26.973234,289.668977,MaxDepthTimeout,9,4,/root/Projects/Nathan/Patch-Attack-Verification/logs/20260326/20260326_175035_ub_0p7_timeout_15_try_01/002_adv_label_2_eran_run.log
/root/Projects/Nathan/Patch-Attack-Verification/csv/recursive_timeout_refinement_20260326_175035.csv,1,2,1,2,0,0,10,0.7,15.0,True,False,0.5,single_label_rerun,3,4,3,9,TIME_LIMIT,timeout,True,False,27.206357,rerun_attempt_runtime,27.206357,289.668977,MaxDepthTimeout,9,4,/root/Projects/Nathan/Patch-Attack-Verification/logs/20260326/20260326_175035_ub_0p7_timeout_15_try_01/003_adv_label_2_eran_run.log
/root/Projects/Nathan/Patch-Attack-Verification/csv/recursive_timeout_refinement_20260326_175035.csv,1,2,1,2,0,0,10,0.7,15.0,True,False,0.5,single_label_rerun,4,5,4,9,TIME_LIMIT,timeout,True,False,27.986112,rerun_attempt_runtime,27.986112,289.668977,MaxDepthTimeout,9,4,/root/Projects/Nathan/Patch-Attack-Verification/logs/20260326/20260326_175035_ub_0p7_timeout_15_try_01/004_adv_label_2_eran_run.log
/root/Projects/Nathan/Patch-Attack-Verification/csv/recursive_timeout_refinement_20260326_175035.csv,1,2,1,7,0,0,10,0.7,15.0,True,False,0.5,single_label_rerun,5,2,1,9,TIME_LIMIT,timeout,True,False,27.231718,rerun_attempt_runtime,27.231718,289.668977,MaxDepthTimeout,9,4,/root/Projects/Nathan/Patch-Attack-Verification/logs/20260326/20260326_175035_ub_0p7_timeout_15_try_01/005_adv_label_7_eran_run.log
/root/Projects/Nathan/Patch-Attack-Verification/csv/recursive_timeout_refinement_20260326_175035.csv,1,2,1,7,0,0,10,0.7,15.0,True,False,0.5,single_label_rerun,6,3,2,9,TIME_LIMIT,timeout,True,False,27.475296,rerun_attempt_runtime,27.475296,289.668977,MaxDepthTimeout,9,4,/root/Projects/Nathan/Patch-Attack-Verification/logs/20260326/20260326_175035_ub_0p7_timeout_15_try_01/006_adv_label_7_eran_run.log
/root/Projects/Nathan/Patch-Attack-Verification/csv/recursive_timeout_refinement_20260326_175035.csv,1,2,1,7,0,0,10,0.7,15.0,True,False,0.5,single_label_rerun,7,4,3,9,TIME_LIMIT,timeout,True,False,27.237788,rerun_attempt_runtime,27.237788,289.668977,MaxDepthTimeout,9,4,/root/Projects/Nathan/Patch-Attack-Verification/logs/20260326/20260326_175035_ub_0p7_timeout_15_try_01/007_adv_label_7_eran_run.log
/root/Projects/Nathan/Patch-Attack-Verification/csv/recursive_timeout_refinement_20260326_175035.csv,1,2,1,7,0,0,10,0.7,15.0,True,False,0.5,single_label_rerun,8,5,4,9,TIME_LIMIT,timeout,True,False,27.781738,rerun_attempt_runtime,27.781738,289.668977,MaxDepthTimeout,9,4,/root/Projects/Nathan/Patch-Attack-Verification/logs/20260326/20260326_175035_ub_0p7_timeout_15_try_01/008_adv_label_7_eran_run.log
/root/Projects/Nathan/Patch-Attack-Verification/csv/recursive_timeout_refinement_20260326_175035.csv,2,2,1,0,0,0,10,0.7,30.0,True,False,0.5,initial_all_labels,0,1,0,11,INTERRUPTED,verified,False,False,0.8060698509216309,initial_label_local_verify_time,96.633274,434.90741,MaxDepthTimeout,9,4,/root/Projects/Nathan/Patch-Attack-Verification/logs/20260326/20260326_175035_ub_0p7_timeout_30_try_02/000_all_labels_eran_run.log
/root/Projects/Nathan/Patch-Attack-Verification/csv/recursive_timeout_refinement_20260326_175035.csv,2,2,1,2,0,0,10,0.7,30.0,True,False,0.5,initial_all_labels,0,1,0,9,TIME_LIMIT,timeout,True,False,,initial_label_local_missing,96.633274,434.90741,MaxDepthTimeout,9,4,/root/Projects/Nathan/Patch-Attack-Verification/logs/20260326/20260326_175035_ub_0p7_timeout_30_try_02/000_all_labels_eran_run.log
/root/Projects/Nathan/Patch-Attack-Verification/csv/recursive_timeout_refinement_20260326_175035.csv,2,2,1,3,0,0,10,0.7,30.0,True,False,0.5,initial_all_labels,0,1,0,6,CUTOFF,verified,False,False,3.4468894004821777,initial_label_local_verify_time,96.633274,434.90741,MaxDepthTimeout,9,4,/root/Projects/Nathan/Patch-Attack-Verification/logs/20260326/20260326_175035_ub_0p7_timeout_30_try_02/000_all_labels_eran_run.log
/root/Projects/Nathan/Patch-Attack-Verification/csv/recursive_timeout_refinement_20260326_175035.csv,2,2,1,4,0,0,10,0.7,30.0,True,False,0.5,initial_all_labels,0,1,0,6,CUTOFF,verified,False,False,3.3402786254882812,initial_label_local_verify_time,96.633274,434.90741,MaxDepthTimeout,9,4,/root/Projects/Nathan/Patch-Attack-Verification/logs/20260326/20260326_175035_ub_0p7_timeout_30_try_02/000_all_labels_eran_run.log
/root/Projects/Nathan/Patch-Attack-Verification/csv/recursive_timeout_refinement_20260326_175035.csv,2,2,1,5,0,0,10,0.7,30.0,True,False,0.5,initial_all_labels,0,1,0,6,CUTOFF,verified,False,False,3.4002737998962402,initial_label_local_verify_time,96.633274,434.90741,MaxDepthTimeout,9,4,/root/Projects/Nathan/Patch-Attack-Verification/logs/20260326/20260326_175035_ub_0p7_timeout_30_try_02/000_all_labels_eran_run.log
/root/Projects/Nathan/Patch-Attack-Verification/csv/recursive_timeout_refinement_20260326_175035.csv,2,2,1,6,0,0,10,0.7,30.0,True,False,0.5,initial_all_labels,0,1,0,6,CUTOFF,verified,False,False,3.374424934387207,initial_label_local_verify_time,96.633274,434.90741,MaxDepthTimeout,9,4,/root/Projects/Nathan/Patch-Attack-Verification/logs/20260326/20260326_175035_ub_0p7_timeout_30_try_02/000_all_labels_eran_run.log
/root/Projects/Nathan/Patch-Attack-Verification/csv/recursive_timeout_refinement_20260326_175035.csv,2,2,1,7,0,0,10,0.7,30.0,True,False,0.5,initial_all_labels,0,1,0,9,TIME_LIMIT,timeout,True,False,,initial_label_local_missing,96.633274,434.90741,MaxDepthTimeout,9,4,/root/Projects/Nathan/Patch-Attack-Verification/logs/20260326/20260326_175035_ub_0p7_timeout_30_try_02/000_all_labels_eran_run.log
/root/Projects/Nathan/Patch-Attack-Verification/csv/recursive_timeout_refinement_20260326_175035.csv,2,2,1,8,0,0,10,0.7,30.0,True,False,0.5,initial_all_labels,0,1,0,6,CUTOFF,verified,False,False,4.429097890853882,initial_label_local_verify_time,96.633274,434.90741,MaxDepthTimeout,9,4,/root/Projects/Nathan/Patch-Attack-Verification/logs/20260326/20260326_175035_ub_0p7_timeout_30_try_02/000_all_labels_eran_run.log
/root/Projects/Nathan/Patch-Attack-Verification/csv/recursive_timeout_refinement_20260326_175035.csv,2,2,1,9,0,0,10,0.7,30.0,True,False,0.5,initial_all_labels,0,1,0,6,CUTOFF,verified,False,False,3.328498601913452,initial_label_local_verify_time,96.633274,434.90741,MaxDepthTimeout,9,4,/root/Projects/Nathan/Patch-Attack-Verification/logs/20260326/20260326_175035_ub_0p7_timeout_30_try_02/000_all_labels_eran_run.log
/root/Projects/Nathan/Patch-Attack-Verification/csv/recursive_timeout_refinement_20260326_175035.csv,2,2,1,2,0,0,10,0.7,30.0,True,False,0.5,single_label_rerun,1,2,1,9,TIME_LIMIT,timeout,True,False,42.562371,rerun_attempt_runtime,42.562371,434.90741,MaxDepthTimeout,9,4,/root/Projects/Nathan/Patch-Attack-Verification/logs/20260326/20260326_175035_ub_0p7_timeout_30_try_02/001_adv_label_2_eran_run.log
/root/Projects/Nathan/Patch-Attack-Verification/csv/recursive_timeout_refinement_20260326_175035.csv,2,2,1,2,0,0,10,0.7,30.0,True,False,0.5,single_label_rerun,2,3,2,9,TIME_LIMIT,timeout,True,False,42.117151,rerun_attempt_runtime,42.117151,434.90741,MaxDepthTimeout,9,4,/root/Projects/Nathan/Patch-Attack-Verification/logs/20260326/20260326_175035_ub_0p7_timeout_30_try_02/002_adv_label_2_eran_run.log
/root/Projects/Nathan/Patch-Attack-Verification/csv/recursive_timeout_refinement_20260326_175035.csv,2,2,1,2,0,0,10,0.7,30.0,True,False,0.5,single_label_rerun,3,4,3,9,TIME_LIMIT,timeout,True,False,42.04898,rerun_attempt_runtime,42.04898,434.90741,MaxDepthTimeout,9,4,/root/Projects/Nathan/Patch-Attack-Verification/logs/20260326/20260326_175035_ub_0p7_timeout_30_try_02/003_adv_label_2_eran_run.log
/root/Projects/Nathan/Patch-Attack-Verification/csv/recursive_timeout_refinement_20260326_175035.csv,2,2,1,2,0,0,10,0.7,30.0,True,False,0.5,single_label_rerun,4,5,4,9,TIME_LIMIT,timeout,True,False,42.551646,rerun_attempt_runtime,42.551646,434.90741,MaxDepthTimeout,9,4,/root/Projects/Nathan/Patch-Attack-Verification/logs/20260326/20260326_175035_ub_0p7_timeout_30_try_02/004_adv_label_2_eran_run.log
/root/Projects/Nathan/Patch-Attack-Verification/csv/recursive_timeout_refinement_20260326_175035.csv,2,2,1,7,0,0,10,0.7,30.0,True,False,0.5,single_label_rerun,5,2,1,9,TIME_LIMIT,timeout,True,False,42.000214,rerun_attempt_runtime,42.000214,434.90741,MaxDepthTimeout,9,4,/root/Projects/Nathan/Patch-Attack-Verification/logs/20260326/20260326_175035_ub_0p7_timeout_30_try_02/005_adv_label_7_eran_run.log
/root/Projects/Nathan/Patch-Attack-Verification/csv/recursive_timeout_refinement_20260326_175035.csv,2,2,1,7,0,0,10,0.7,30.0,True,False,0.5,single_label_rerun,6,3,2,9,TIME_LIMIT,timeout,True,False,42.107709,rerun_attempt_runtime,42.107709,434.90741,MaxDepthTimeout,9,4,/root/Projects/Nathan/Patch-Attack-Verification/logs/20260326/20260326_175035_ub_0p7_timeout_30_try_02/006_adv_label_7_eran_run.log
/root/Projects/Nathan/Patch-Attack-Verification/csv/recursive_timeout_refinement_20260326_175035.csv,2,2,1,7,0,0,10,0.7,30.0,True,False,0.5,single_label_rerun,7,4,3,9,TIME_LIMIT,timeout,True,False,41.869559,rerun_attempt_runtime,41.869559,434.90741,MaxDepthTimeout,9,4,/root/Projects/Nathan/Patch-Attack-Verification/logs/20260326/20260326_175035_ub_0p7_timeout_30_try_02/007_adv_label_7_eran_run.log
/root/Projects/Nathan/Patch-Attack-Verification/csv/recursive_timeout_refinement_20260326_175035.csv,2,2,1,7,0,0,10,0.7,30.0,True,False,0.5,single_label_rerun,8,5,4,9,TIME_LIMIT,timeout,True,False,43.016506,rerun_attempt_runtime,43.016506,434.90741,MaxDepthTimeout,9,4,/root/Projects/Nathan/Patch-Attack-Verification/logs/20260326/20260326_175035_ub_0p7_timeout_30_try_02/008_adv_label_7_eran_run.log
/root/Projects/Nathan/Patch-Attack-Verification/csv/recursive_timeout_refinement_20260326_175035.csv,3,2,1,0,0,0,10,0.7,60.0,True,False,0.5,initial_all_labels,0,1,0,11,INTERRUPTED,verified,False,False,0.8156943321228027,initial_label_local_verify_time,155.179917,731.940712,MaxDepthTimeout,9,4,/root/Projects/Nathan/Patch-Attack-Verification/logs/20260326/20260326_175035_ub_0p7_timeout_60_try_03/000_all_labels_eran_run.log
/root/Projects/Nathan/Patch-Attack-Verification/csv/recursive_timeout_refinement_20260326_175035.csv,3,2,1,2,0,0,10,0.7,60.0,True,False,0.5,initial_all_labels,0,1,0,9,TIME_LIMIT,timeout,True,False,,initial_label_local_missing,155.179917,731.940712,MaxDepthTimeout,9,4,/root/Projects/Nathan/Patch-Attack-Verification/logs/20260326/20260326_175035_ub_0p7_timeout_60_try_03/000_all_labels_eran_run.log
/root/Projects/Nathan/Patch-Attack-Verification/csv/recursive_timeout_refinement_20260326_175035.csv,3,2,1,3,0,0,10,0.7,60.0,True,False,0.5,initial_all_labels,0,1,0,6,CUTOFF,verified,False,False,3.4148378372192383,initial_label_local_verify_time,155.179917,731.940712,MaxDepthTimeout,9,4,/root/Projects/Nathan/Patch-Attack-Verification/logs/20260326/20260326_175035_ub_0p7_timeout_60_try_03/000_all_labels_eran_run.log
/root/Projects/Nathan/Patch-Attack-Verification/csv/recursive_timeout_refinement_20260326_175035.csv,3,2,1,4,0,0,10,0.7,60.0,True,False,0.5,initial_all_labels,0,1,0,6,CUTOFF,verified,False,False,3.220221996307373,initial_label_local_verify_time,155.179917,731.940712,MaxDepthTimeout,9,4,/root/Projects/Nathan/Patch-Attack-Verification/logs/20260326/20260326_175035_ub_0p7_timeout_60_try_03/000_all_labels_eran_run.log
/root/Projects/Nathan/Patch-Attack-Verification/csv/recursive_timeout_refinement_20260326_175035.csv,3,2,1,5,0,0,10,0.7,60.0,True,False,0.5,initial_all_labels,0,1,0,6,CUTOFF,verified,False,False,3.293262481689453,initial_label_local_verify_time,155.179917,731.940712,MaxDepthTimeout,9,4,/root/Projects/Nathan/Patch-Attack-Verification/logs/20260326/20260326_175035_ub_0p7_timeout_60_try_03/000_all_labels_eran_run.log
/root/Projects/Nathan/Patch-Attack-Verification/csv/recursive_timeout_refinement_20260326_175035.csv,3,2,1,6,0,0,10,0.7,60.0,True,False,0.5,initial_all_labels,0,1,0,6,CUTOFF,verified,False,False,3.334369659423828,initial_label_local_verify_time,155.179917,731.940712,MaxDepthTimeout,9,4,/root/Projects/Nathan/Patch-Attack-Verification/logs/20260326/20260326_175035_ub_0p7_timeout_60_try_03/000_all_labels_eran_run.log
/root/Projects/Nathan/Patch-Attack-Verification/csv/recursive_timeout_refinement_20260326_175035.csv,3,2,1,7,0,0,10,0.7,60.0,True,False,0.5,initial_all_labels,0,1,0,9,TIME_LIMIT,timeout,True,False,,initial_label_local_missing,155.179917,731.940712,MaxDepthTimeout,9,4,/root/Projects/Nathan/Patch-Attack-Verification/logs/20260326/20260326_175035_ub_0p7_timeout_60_try_03/000_all_labels_eran_run.log
/root/Projects/Nathan/Patch-Attack-Verification/csv/recursive_timeout_refinement_20260326_175035.csv,3,2,1,8,0,0,10,0.7,60.0,True,False,0.5,initial_all_labels,0,1,0,6,CUTOFF,verified,False,False,4.104874849319458,initial_label_local_verify_time,155.179917,731.940712,MaxDepthTimeout,9,4,/root/Projects/Nathan/Patch-Attack-Verification/logs/20260326/20260326_175035_ub_0p7_timeout_60_try_03/000_all_labels_eran_run.log
/root/Projects/Nathan/Patch-Attack-Verification/csv/recursive_timeout_refinement_20260326_175035.csv,3,2,1,9,0,0,10,0.7,60.0,True,False,0.5,initial_all_labels,0,1,0,6,CUTOFF,verified,False,False,3.0833725929260254,initial_label_local_verify_time,155.179917,731.940712,MaxDepthTimeout,9,4,/root/Projects/Nathan/Patch-Attack-Verification/logs/20260326/20260326_175035_ub_0p7_timeout_60_try_03/000_all_labels_eran_run.log
/root/Projects/Nathan/Patch-Attack-Verification/csv/recursive_timeout_refinement_20260326_175035.csv,3,2,1,2,0,0,10,0.7,60.0,True,False,0.5,single_label_rerun,1,2,1,9,TIME_LIMIT,timeout,True,False,72.370072,rerun_attempt_runtime,72.370072,731.940712,MaxDepthTimeout,9,4,/root/Projects/Nathan/Patch-Attack-Verification/logs/20260326/20260326_175035_ub_0p7_timeout_60_try_03/001_adv_label_2_eran_run.log
/root/Projects/Nathan/Patch-Attack-Verification/csv/recursive_timeout_refinement_20260326_175035.csv,3,2,1,2,0,0,10,0.7,60.0,True,False,0.5,single_label_rerun,2,3,2,9,TIME_LIMIT,timeout,True,False,71.891731,rerun_attempt_runtime,71.891731,731.940712,MaxDepthTimeout,9,4,/root/Projects/Nathan/Patch-Attack-Verification/logs/20260326/20260326_175035_ub_0p7_timeout_60_try_03/002_adv_label_2_eran_run.log
/root/Projects/Nathan/Patch-Attack-Verification/csv/recursive_timeout_refinement_20260326_175035.csv,3,2,1,2,0,0,10,0.7,60.0,True,False,0.5,single_label_rerun,3,4,3,9,TIME_LIMIT,timeout,True,False,71.898399,rerun_attempt_runtime,71.898399,731.940712,MaxDepthTimeout,9,4,/root/Projects/Nathan/Patch-Attack-Verification/logs/20260326/20260326_175035_ub_0p7_timeout_60_try_03/003_adv_label_2_eran_run.log
/root/Projects/Nathan/Patch-Attack-Verification/csv/recursive_timeout_refinement_20260326_175035.csv,3,2,1,2,0,0,10,0.7,60.0,True,False,0.5,single_label_rerun,4,5,4,9,TIME_LIMIT,timeout,True,False,72.042709,rerun_attempt_runtime,72.042709,731.940712,MaxDepthTimeout,9,4,/root/Projects/Nathan/Patch-Attack-Verification/logs/20260326/20260326_175035_ub_0p7_timeout_60_try_03/004_adv_label_2_eran_run.log
/root/Projects/Nathan/Patch-Attack-Verification/csv/recursive_timeout_refinement_20260326_175035.csv,3,2,1,7,0,0,10,0.7,60.0,True,False,0.5,single_label_rerun,5,2,1,9,TIME_LIMIT,timeout,True,False,71.962059,rerun_attempt_runtime,71.962059,731.940712,MaxDepthTimeout,9,4,/root/Projects/Nathan/Patch-Attack-Verification/logs/20260326/20260326_175035_ub_0p7_timeout_60_try_03/005_adv_label_7_eran_run.log
/root/Projects/Nathan/Patch-Attack-Verification/csv/recursive_timeout_refinement_20260326_175035.csv,3,2,1,7,0,0,10,0.7,60.0,True,False,0.5,single_label_rerun,6,3,2,9,TIME_LIMIT,timeout,True,False,71.964653,rerun_attempt_runtime,71.964653,731.940712,MaxDepthTimeout,9,4,/root/Projects/Nathan/Patch-Attack-Verification/logs/20260326/20260326_175035_ub_0p7_timeout_60_try_03/006_adv_label_7_eran_run.log
/root/Projects/Nathan/Patch-Attack-Verification/csv/recursive_timeout_refinement_20260326_175035.csv,3,2,1,7,0,0,10,0.7,60.0,True,False,0.5,single_label_rerun,7,4,3,9,TIME_LIMIT,timeout,True,False,72.057728,rerun_attempt_runtime,72.057728,731.940712,MaxDepthTimeout,9,4,/root/Projects/Nathan/Patch-Attack-Verification/logs/20260326/20260326_175035_ub_0p7_timeout_60_try_03/007_adv_label_7_eran_run.log
/root/Projects/Nathan/Patch-Attack-Verification/csv/recursive_timeout_refinement_20260326_175035.csv,3,2,1,7,0,0,10,0.7,60.0,True,False,0.5,single_label_rerun,8,5,4,9,TIME_LIMIT,timeout,True,False,72.573444,rerun_attempt_runtime,72.573444,731.940712,MaxDepthTimeout,9,4,/root/Projects/Nathan/Patch-Attack-Verification/logs/20260326/20260326_175035_ub_0p7_timeout_60_try_03/008_adv_label_7_eran_run.log
/root/Projects/Nathan/Patch-Attack-Verification/csv/recursive_timeout_refinement_20260326_175035.csv,4,2,1,0,0,0,10,0.7,120.0,True,False,0.5,initial_all_labels,0,1,0,11,INTERRUPTED,verified,False,False,0.8072400093078613,initial_label_local_verify_time,281.817624,1066.362747,MaxDepthTimeout,7,4,/root/Projects/Nathan/Patch-Attack-Verification/logs/20260326/20260326_175035_ub_0p7_timeout_120_try_04/000_all_labels_eran_run.log
/root/Projects/Nathan/Patch-Attack-Verification/csv/recursive_timeout_refinement_20260326_175035.csv,4,2,1,2,0,0,10,0.7,120.0,True,False,0.5,initial_all_labels,0,1,0,9,TIME_LIMIT,timeout,True,False,,initial_label_local_missing,281.817624,1066.362747,MaxDepthTimeout,7,4,/root/Projects/Nathan/Patch-Attack-Verification/logs/20260326/20260326_175035_ub_0p7_timeout_120_try_04/000_all_labels_eran_run.log
/root/Projects/Nathan/Patch-Attack-Verification/csv/recursive_timeout_refinement_20260326_175035.csv,4,2,1,3,0,0,10,0.7,120.0,True,False,0.5,initial_all_labels,0,1,0,6,CUTOFF,verified,False,False,3.4445414543151855,initial_label_local_verify_time,281.817624,1066.362747,MaxDepthTimeout,7,4,/root/Projects/Nathan/Patch-Attack-Verification/logs/20260326/20260326_175035_ub_0p7_timeout_120_try_04/000_all_labels_eran_run.log
/root/Projects/Nathan/Patch-Attack-Verification/csv/recursive_timeout_refinement_20260326_175035.csv,4,2,1,4,0,0,10,0.7,120.0,True,False,0.5,initial_all_labels,0,1,0,6,CUTOFF,verified,False,False,3.2223761081695557,initial_label_local_verify_time,281.817624,1066.362747,MaxDepthTimeout,7,4,/root/Projects/Nathan/Patch-Attack-Verification/logs/20260326/20260326_175035_ub_0p7_timeout_120_try_04/000_all_labels_eran_run.log
/root/Projects/Nathan/Patch-Attack-Verification/csv/recursive_timeout_refinement_20260326_175035.csv,4,2,1,5,0,0,10,0.7,120.0,True,False,0.5,initial_all_labels,0,1,0,6,CUTOFF,verified,False,False,3.3534364700317383,initial_label_local_verify_time,281.817624,1066.362747,MaxDepthTimeout,7,4,/root/Projects/Nathan/Patch-Attack-Verification/logs/20260326/20260326_175035_ub_0p7_timeout_120_try_04/000_all_labels_eran_run.log
/root/Projects/Nathan/Patch-Attack-Verification/csv/recursive_timeout_refinement_20260326_175035.csv,4,2,1,6,0,0,10,0.7,120.0,True,False,0.5,initial_all_labels,0,1,0,6,CUTOFF,verified,False,False,3.383669376373291,initial_label_local_verify_time,281.817624,1066.362747,MaxDepthTimeout,7,4,/root/Projects/Nathan/Patch-Attack-Verification/logs/20260326/20260326_175035_ub_0p7_timeout_120_try_04/000_all_labels_eran_run.log
/root/Projects/Nathan/Patch-Attack-Verification/csv/recursive_timeout_refinement_20260326_175035.csv,4,2,1,7,0,0,10,0.7,120.0,True,False,0.5,initial_all_labels,0,1,0,9,TIME_LIMIT,timeout,True,False,,initial_label_local_missing,281.817624,1066.362747,MaxDepthTimeout,7,4,/root/Projects/Nathan/Patch-Attack-Verification/logs/20260326/20260326_175035_ub_0p7_timeout_120_try_04/000_all_labels_eran_run.log
/root/Projects/Nathan/Patch-Attack-Verification/csv/recursive_timeout_refinement_20260326_175035.csv,4,2,1,8,0,0,10,0.7,120.0,True,False,0.5,initial_all_labels,0,1,0,6,CUTOFF,verified,False,False,4.210679769515991,initial_label_local_verify_time,281.817624,1066.362747,MaxDepthTimeout,7,4,/root/Projects/Nathan/Patch-Attack-Verification/logs/20260326/20260326_175035_ub_0p7_timeout_120_try_04/000_all_labels_eran_run.log
/root/Projects/Nathan/Patch-Attack-Verification/csv/recursive_timeout_refinement_20260326_175035.csv,4,2,1,9,0,0,10,0.7,120.0,True,False,0.5,initial_all_labels,0,1,0,6,CUTOFF,verified,False,False,3.1453499794006348,initial_label_local_verify_time,281.817624,1066.362747,MaxDepthTimeout,7,4,/root/Projects/Nathan/Patch-Attack-Verification/logs/20260326/20260326_175035_ub_0p7_timeout_120_try_04/000_all_labels_eran_run.log
/root/Projects/Nathan/Patch-Attack-Verification/csv/recursive_timeout_refinement_20260326_175035.csv,4,2,1,2,0,0,10,0.7,120.0,True,False,0.5,single_label_rerun,1,2,1,9,TIME_LIMIT,timeout,True,False,132.23445,rerun_attempt_runtime,132.23445,1066.362747,MaxDepthTimeout,7,4,/root/Projects/Nathan/Patch-Attack-Verification/logs/20260326/20260326_175035_ub_0p7_timeout_120_try_04/001_adv_label_2_eran_run.log
/root/Projects/Nathan/Patch-Attack-Verification/csv/recursive_timeout_refinement_20260326_175035.csv,4,2,1,2,0,0,10,0.7,120.0,True,False,0.5,single_label_rerun,2,3,2,9,TIME_LIMIT,timeout,True,False,131.993639,rerun_attempt_runtime,131.993639,1066.362747,MaxDepthTimeout,7,4,/root/Projects/Nathan/Patch-Attack-Verification/logs/20260326/20260326_175035_ub_0p7_timeout_120_try_04/002_adv_label_2_eran_run.log
/root/Projects/Nathan/Patch-Attack-Verification/csv/recursive_timeout_refinement_20260326_175035.csv,4,2,1,2,0,0,10,0.7,120.0,True,False,0.5,single_label_rerun,3,4,3,9,TIME_LIMIT,timeout,True,False,131.913285,rerun_attempt_runtime,131.913285,1066.362747,MaxDepthTimeout,7,4,/root/Projects/Nathan/Patch-Attack-Verification/logs/20260326/20260326_175035_ub_0p7_timeout_120_try_04/003_adv_label_2_eran_run.log
/root/Projects/Nathan/Patch-Attack-Verification/csv/recursive_timeout_refinement_20260326_175035.csv,4,2,1,2,0,0,10,0.7,120.0,True,False,0.5,single_label_rerun,4,5,4,9,TIME_LIMIT,timeout,True,False,132.278012,rerun_attempt_runtime,132.278012,1066.362747,MaxDepthTimeout,7,4,/root/Projects/Nathan/Patch-Attack-Verification/logs/20260326/20260326_175035_ub_0p7_timeout_120_try_04/004_adv_label_2_eran_run.log
/root/Projects/Nathan/Patch-Attack-Verification/csv/recursive_timeout_refinement_20260326_175035.csv,4,2,1,7,0,0,10,0.7,120.0,True,False,0.5,single_label_rerun,5,2,1,9,TIME_LIMIT,timeout,True,False,132.061748,rerun_attempt_runtime,132.061748,1066.362747,MaxDepthTimeout,7,4,/root/Projects/Nathan/Patch-Attack-Verification/logs/20260326/20260326_175035_ub_0p7_timeout_120_try_04/005_adv_label_7_eran_run.log
/root/Projects/Nathan/Patch-Attack-Verification/csv/recursive_timeout_refinement_20260326_175035.csv,4,2,1,7,0,0,10,0.7,120.0,True,False,0.5,single_label_rerun,6,3,2,6,CUTOFF,verified,False,False,124.063989,rerun_attempt_runtime,124.063989,1066.362747,MaxDepthTimeout,7,4,/root/Projects/Nathan/Patch-Attack-Verification/logs/20260326/20260326_175035_ub_0p7_timeout_120_try_04/006_adv_label_7_eran_run.log
/root/Projects/Nathan/Patch-Attack-Verification/csv/recursive_timeout_refinement_20260326_175035.csv,5,2,1,0,0,0,10,0.7,200.0,True,False,0.5,initial_all_labels,0,1,0,11,INTERRUPTED,verified,False,False,0.8286547660827637,initial_label_local_verify_time,435.806934,1620.354321,MaxDepthTimeout,7,4,/root/Projects/Nathan/Patch-Attack-Verification/logs/20260326/20260326_175035_ub_0p7_timeout_200_try_05/000_all_labels_eran_run.log
/root/Projects/Nathan/Patch-Attack-Verification/csv/recursive_timeout_refinement_20260326_175035.csv,5,2,1,2,0,0,10,0.7,200.0,True,False,0.5,initial_all_labels,0,1,0,9,TIME_LIMIT,timeout,True,False,,initial_label_local_missing,435.806934,1620.354321,MaxDepthTimeout,7,4,/root/Projects/Nathan/Patch-Attack-Verification/logs/20260326/20260326_175035_ub_0p7_timeout_200_try_05/000_all_labels_eran_run.log
/root/Projects/Nathan/Patch-Attack-Verification/csv/recursive_timeout_refinement_20260326_175035.csv,5,2,1,3,0,0,10,0.7,200.0,True,False,0.5,initial_all_labels,0,1,0,6,CUTOFF,verified,False,False,3.417715072631836,initial_label_local_verify_time,435.806934,1620.354321,MaxDepthTimeout,7,4,/root/Projects/Nathan/Patch-Attack-Verification/logs/20260326/20260326_175035_ub_0p7_timeout_200_try_05/000_all_labels_eran_run.log
/root/Projects/Nathan/Patch-Attack-Verification/csv/recursive_timeout_refinement_20260326_175035.csv,5,2,1,4,0,0,10,0.7,200.0,True,False,0.5,initial_all_labels,0,1,0,6,CUTOFF,verified,False,False,3.272756814956665,initial_label_local_verify_time,435.806934,1620.354321,MaxDepthTimeout,7,4,/root/Projects/Nathan/Patch-Attack-Verification/logs/20260326/20260326_175035_ub_0p7_timeout_200_try_05/000_all_labels_eran_run.log
/root/Projects/Nathan/Patch-Attack-Verification/csv/recursive_timeout_refinement_20260326_175035.csv,5,2,1,5,0,0,10,0.7,200.0,True,False,0.5,initial_all_labels,0,1,0,6,CUTOFF,verified,False,False,3.3233566284179688,initial_label_local_verify_time,435.806934,1620.354321,MaxDepthTimeout,7,4,/root/Projects/Nathan/Patch-Attack-Verification/logs/20260326/20260326_175035_ub_0p7_timeout_200_try_05/000_all_labels_eran_run.log
/root/Projects/Nathan/Patch-Attack-Verification/csv/recursive_timeout_refinement_20260326_175035.csv,5,2,1,6,0,0,10,0.7,200.0,True,False,0.5,initial_all_labels,0,1,0,6,CUTOFF,verified,False,False,3.3658981323242188,initial_label_local_verify_time,435.806934,1620.354321,MaxDepthTimeout,7,4,/root/Projects/Nathan/Patch-Attack-Verification/logs/20260326/20260326_175035_ub_0p7_timeout_200_try_05/000_all_labels_eran_run.log
/root/Projects/Nathan/Patch-Attack-Verification/csv/recursive_timeout_refinement_20260326_175035.csv,5,2,1,7,0,0,10,0.7,200.0,True,False,0.5,initial_all_labels,0,1,0,9,TIME_LIMIT,timeout,True,False,,initial_label_local_missing,435.806934,1620.354321,MaxDepthTimeout,7,4,/root/Projects/Nathan/Patch-Attack-Verification/logs/20260326/20260326_175035_ub_0p7_timeout_200_try_05/000_all_labels_eran_run.log
/root/Projects/Nathan/Patch-Attack-Verification/csv/recursive_timeout_refinement_20260326_175035.csv,5,2,1,8,0,0,10,0.7,200.0,True,False,0.5,initial_all_labels,0,1,0,6,CUTOFF,verified,False,False,4.223116636276245,initial_label_local_verify_time,435.806934,1620.354321,MaxDepthTimeout,7,4,/root/Projects/Nathan/Patch-Attack-Verification/logs/20260326/20260326_175035_ub_0p7_timeout_200_try_05/000_all_labels_eran_run.log
/root/Projects/Nathan/Patch-Attack-Verification/csv/recursive_timeout_refinement_20260326_175035.csv,5,2,1,9,0,0,10,0.7,200.0,True,False,0.5,initial_all_labels,0,1,0,6,CUTOFF,verified,False,False,3.1770453453063965,initial_label_local_verify_time,435.806934,1620.354321,MaxDepthTimeout,7,4,/root/Projects/Nathan/Patch-Attack-Verification/logs/20260326/20260326_175035_ub_0p7_timeout_200_try_05/000_all_labels_eran_run.log
/root/Projects/Nathan/Patch-Attack-Verification/csv/recursive_timeout_refinement_20260326_175035.csv,5,2,1,2,0,0,10,0.7,200.0,True,False,0.5,single_label_rerun,1,2,1,9,TIME_LIMIT,timeout,True,False,212.309378,rerun_attempt_runtime,212.309378,1620.354321,MaxDepthTimeout,7,4,/root/Projects/Nathan/Patch-Attack-Verification/logs/20260326/20260326_175035_ub_0p7_timeout_200_try_05/001_adv_label_2_eran_run.log
/root/Projects/Nathan/Patch-Attack-Verification/csv/recursive_timeout_refinement_20260326_175035.csv,5,2,1,2,0,0,10,0.7,200.0,True,False,0.5,single_label_rerun,2,3,2,9,TIME_LIMIT,timeout,True,False,212.052228,rerun_attempt_runtime,212.052228,1620.354321,MaxDepthTimeout,7,4,/root/Projects/Nathan/Patch-Attack-Verification/logs/20260326/20260326_175035_ub_0p7_timeout_200_try_05/002_adv_label_2_eran_run.log
/root/Projects/Nathan/Patch-Attack-Verification/csv/recursive_timeout_refinement_20260326_175035.csv,5,2,1,2,0,0,10,0.7,200.0,True,False,0.5,single_label_rerun,3,4,3,9,TIME_LIMIT,timeout,True,False,212.174402,rerun_attempt_runtime,212.174402,1620.354321,MaxDepthTimeout,7,4,/root/Projects/Nathan/Patch-Attack-Verification/logs/20260326/20260326_175035_ub_0p7_timeout_200_try_05/003_adv_label_2_eran_run.log
/root/Projects/Nathan/Patch-Attack-Verification/csv/recursive_timeout_refinement_20260326_175035.csv,5,2,1,2,0,0,10,0.7,200.0,True,False,0.5,single_label_rerun,4,5,4,9,TIME_LIMIT,timeout,True,False,212.211727,rerun_attempt_runtime,212.211727,1620.354321,MaxDepthTimeout,7,4,/root/Projects/Nathan/Patch-Attack-Verification/logs/20260326/20260326_175035_ub_0p7_timeout_200_try_05/004_adv_label_2_eran_run.log
/root/Projects/Nathan/Patch-Attack-Verification/csv/recursive_timeout_refinement_20260326_175035.csv,5,2,1,7,0,0,10,0.7,200.0,True,False,0.5,single_label_rerun,5,2,1,9,TIME_LIMIT,timeout,True,False,211.959537,rerun_attempt_runtime,211.959537,1620.354321,MaxDepthTimeout,7,4,/root/Projects/Nathan/Patch-Attack-Verification/logs/20260326/20260326_175035_ub_0p7_timeout_200_try_05/005_adv_label_7_eran_run.log
/root/Projects/Nathan/Patch-Attack-Verification/csv/recursive_timeout_refinement_20260326_175035.csv,5,2,1,7,0,0,10,0.7,200.0,True,False,0.5,single_label_rerun,6,3,2,6,CUTOFF,verified,False,False,123.840115,rerun_attempt_runtime,123.840115,1620.354321,MaxDepthTimeout,7,4,/root/Projects/Nathan/Patch-Attack-Verification/logs/20260326/20260326_175035_ub_0p7_timeout_200_try_05/006_adv_label_7_eran_run.log
/root/Projects/Nathan/Patch-Attack-Verification/csv/recursive_timeout_refinement_20260326_175035.csv,6,2,1,0,0,0,10,0.7,270.0,True,False,0.5,initial_all_labels,0,1,0,11,INTERRUPTED,verified,False,False,0.8391454219818115,initial_label_local_verify_time,514.444237,791.444207,Verified,2,1,/root/Projects/Nathan/Patch-Attack-Verification/logs/20260326/20260326_175035_ub_0p7_timeout_270_try_06/000_all_labels_eran_run.log
/root/Projects/Nathan/Patch-Attack-Verification/csv/recursive_timeout_refinement_20260326_175035.csv,6,2,1,2,0,0,10,0.7,270.0,True,False,0.5,initial_all_labels,0,1,0,9,TIME_LIMIT,timeout,True,False,,initial_label_local_missing,514.444237,791.444207,Verified,2,1,/root/Projects/Nathan/Patch-Attack-Verification/logs/20260326/20260326_175035_ub_0p7_timeout_270_try_06/000_all_labels_eran_run.log
/root/Projects/Nathan/Patch-Attack-Verification/csv/recursive_timeout_refinement_20260326_175035.csv,6,2,1,3,0,0,10,0.7,270.0,True,False,0.5,initial_all_labels,0,1,0,6,CUTOFF,verified,False,False,3.2975449562072754,initial_label_local_verify_time,514.444237,791.444207,Verified,2,1,/root/Projects/Nathan/Patch-Attack-Verification/logs/20260326/20260326_175035_ub_0p7_timeout_270_try_06/000_all_labels_eran_run.log
/root/Projects/Nathan/Patch-Attack-Verification/csv/recursive_timeout_refinement_20260326_175035.csv,6,2,1,4,0,0,10,0.7,270.0,True,False,0.5,initial_all_labels,0,1,0,6,CUTOFF,verified,False,False,3.149014472961426,initial_label_local_verify_time,514.444237,791.444207,Verified,2,1,/root/Projects/Nathan/Patch-Attack-Verification/logs/20260326/20260326_175035_ub_0p7_timeout_270_try_06/000_all_labels_eran_run.log
/root/Projects/Nathan/Patch-Attack-Verification/csv/recursive_timeout_refinement_20260326_175035.csv,6,2,1,5,0,0,10,0.7,270.0,True,False,0.5,initial_all_labels,0,1,0,6,CUTOFF,verified,False,False,3.2052836418151855,initial_label_local_verify_time,514.444237,791.444207,Verified,2,1,/root/Projects/Nathan/Patch-Attack-Verification/logs/20260326/20260326_175035_ub_0p7_timeout_270_try_06/000_all_labels_eran_run.log
/root/Projects/Nathan/Patch-Attack-Verification/csv/recursive_timeout_refinement_20260326_175035.csv,6,2,1,6,0,0,10,0.7,270.0,True,False,0.5,initial_all_labels,0,1,0,6,CUTOFF,verified,False,False,3.272709846496582,initial_label_local_verify_time,514.444237,791.444207,Verified,2,1,/root/Projects/Nathan/Patch-Attack-Verification/logs/20260326/20260326_175035_ub_0p7_timeout_270_try_06/000_all_labels_eran_run.log
/root/Projects/Nathan/Patch-Attack-Verification/csv/recursive_timeout_refinement_20260326_175035.csv,6,2,1,7,0,0,10,0.7,270.0,True,False,0.5,initial_all_labels,0,1,0,6,CUTOFF,verified,False,False,210.85343027114868,initial_label_local_verify_time,514.444237,791.444207,Verified,2,1,/root/Projects/Nathan/Patch-Attack-Verification/logs/20260326/20260326_175035_ub_0p7_timeout_270_try_06/000_all_labels_eran_run.log
/root/Projects/Nathan/Patch-Attack-Verification/csv/recursive_timeout_refinement_20260326_175035.csv,6,2,1,8,0,0,10,0.7,270.0,True,False,0.5,initial_all_labels,0,1,0,6,CUTOFF,verified,False,False,4.09926962852478,initial_label_local_verify_time,514.444237,791.444207,Verified,2,1,/root/Projects/Nathan/Patch-Attack-Verification/logs/20260326/20260326_175035_ub_0p7_timeout_270_try_06/000_all_labels_eran_run.log
/root/Projects/Nathan/Patch-Attack-Verification/csv/recursive_timeout_refinement_20260326_175035.csv,6,2,1,9,0,0,10,0.7,270.0,True,False,0.5,initial_all_labels,0,1,0,6,CUTOFF,verified,False,False,3.0742297172546387,initial_label_local_verify_time,514.444237,791.444207,Verified,2,1,/root/Projects/Nathan/Patch-Attack-Verification/logs/20260326/20260326_175035_ub_0p7_timeout_270_try_06/000_all_labels_eran_run.log
/root/Projects/Nathan/Patch-Attack-Verification/csv/recursive_timeout_refinement_20260326_175035.csv,6,2,1,2,0,0,10,0.7,270.0,True,False,0.5,single_label_rerun,1,2,1,6,CUTOFF,verified,False,False,276.99997,rerun_attempt_runtime,276.99997,791.444207,Verified,2,1,/root/Projects/Nathan/Patch-Attack-Verification/logs/20260326/20260326_175035_ub_0p7_timeout_270_try_06/001_adv_label_2_eran_run.log
/root/Projects/Nathan/Patch-Attack-Verification/csv/recursive_timeout_refinement_20260326_175035.csv,7,2,1,0,0,0,10,0.75,200.0,True,False,0.5,initial_all_labels,0,1,0,11,INTERRUPTED,verified,False,False,0.8578636646270752,initial_label_local_verify_time,462.884885,2171.409723,MaxDepthTimeout,9,4,/root/Projects/Nathan/Patch-Attack-Verification/logs/20260326/20260326_175035_ub_0p75_timeout_200_try_01/000_all_labels_eran_run.log
/root/Projects/Nathan/Patch-Attack-Verification/csv/recursive_timeout_refinement_20260326_175035.csv,7,2,1,2,0,0,10,0.75,200.0,True,False,0.5,initial_all_labels,0,1,0,9,TIME_LIMIT,timeout,True,False,,initial_label_local_missing,462.884885,2171.409723,MaxDepthTimeout,9,4,/root/Projects/Nathan/Patch-Attack-Verification/logs/20260326/20260326_175035_ub_0p75_timeout_200_try_01/000_all_labels_eran_run.log
/root/Projects/Nathan/Patch-Attack-Verification/csv/recursive_timeout_refinement_20260326_175035.csv,7,2,1,3,0,0,10,0.75,200.0,True,False,0.5,initial_all_labels,0,1,0,6,CUTOFF,verified,False,False,27.04768204689026,initial_label_local_verify_time,462.884885,2171.409723,MaxDepthTimeout,9,4,/root/Projects/Nathan/Patch-Attack-Verification/logs/20260326/20260326_175035_ub_0p75_timeout_200_try_01/000_all_labels_eran_run.log
/root/Projects/Nathan/Patch-Attack-Verification/csv/recursive_timeout_refinement_20260326_175035.csv,7,2,1,4,0,0,10,0.75,200.0,True,False,0.5,initial_all_labels,0,1,0,6,CUTOFF,verified,False,False,3.3988049030303955,initial_label_local_verify_time,462.884885,2171.409723,MaxDepthTimeout,9,4,/root/Projects/Nathan/Patch-Attack-Verification/logs/20260326/20260326_175035_ub_0p75_timeout_200_try_01/000_all_labels_eran_run.log
/root/Projects/Nathan/Patch-Attack-Verification/csv/recursive_timeout_refinement_20260326_175035.csv,7,2,1,5,0,0,10,0.75,200.0,True,False,0.5,initial_all_labels,0,1,0,6,CUTOFF,verified,False,False,3.8351833820343018,initial_label_local_verify_time,462.884885,2171.409723,MaxDepthTimeout,9,4,/root/Projects/Nathan/Patch-Attack-Verification/logs/20260326/20260326_175035_ub_0p75_timeout_200_try_01/000_all_labels_eran_run.log
/root/Projects/Nathan/Patch-Attack-Verification/csv/recursive_timeout_refinement_20260326_175035.csv,7,2,1,6,0,0,10,0.75,200.0,True,False,0.5,initial_all_labels,0,1,0,6,CUTOFF,verified,False,False,3.4139761924743652,initial_label_local_verify_time,462.884885,2171.409723,MaxDepthTimeout,9,4,/root/Projects/Nathan/Patch-Attack-Verification/logs/20260326/20260326_175035_ub_0p75_timeout_200_try_01/000_all_labels_eran_run.log
/root/Projects/Nathan/Patch-Attack-Verification/csv/recursive_timeout_refinement_20260326_175035.csv,7,2,1,7,0,0,10,0.75,200.0,True,False,0.5,initial_all_labels,0,1,0,9,TIME_LIMIT,timeout,True,False,,initial_label_local_missing,462.884885,2171.409723,MaxDepthTimeout,9,4,/root/Projects/Nathan/Patch-Attack-Verification/logs/20260326/20260326_175035_ub_0p75_timeout_200_try_01/000_all_labels_eran_run.log
/root/Projects/Nathan/Patch-Attack-Verification/csv/recursive_timeout_refinement_20260326_175035.csv,7,2,1,8,0,0,10,0.75,200.0,True,False,0.5,initial_all_labels,0,1,0,6,CUTOFF,verified,False,False,4.767261743545532,initial_label_local_verify_time,462.884885,2171.409723,MaxDepthTimeout,9,4,/root/Projects/Nathan/Patch-Attack-Verification/logs/20260326/20260326_175035_ub_0p75_timeout_200_try_01/000_all_labels_eran_run.log
/root/Projects/Nathan/Patch-Attack-Verification/csv/recursive_timeout_refinement_20260326_175035.csv,7,2,1,9,0,0,10,0.75,200.0,True,False,0.5,initial_all_labels,0,1,0,6,CUTOFF,verified,False,False,3.7558932304382324,initial_label_local_verify_time,462.884885,2171.409723,MaxDepthTimeout,9,4,/root/Projects/Nathan/Patch-Attack-Verification/logs/20260326/20260326_175035_ub_0p75_timeout_200_try_01/000_all_labels_eran_run.log
/root/Projects/Nathan/Patch-Attack-Verification/csv/recursive_timeout_refinement_20260326_175035.csv,7,2,1,2,0,0,10,0.75,200.0,True,False,0.5,single_label_rerun,1,2,1,9,TIME_LIMIT,timeout,True,False,213.451326,rerun_attempt_runtime,213.451326,2171.409723,MaxDepthTimeout,9,4,/root/Projects/Nathan/Patch-Attack-Verification/logs/20260326/20260326_175035_ub_0p75_timeout_200_try_01/001_adv_label_2_eran_run.log
/root/Projects/Nathan/Patch-Attack-Verification/csv/recursive_timeout_refinement_20260326_175035.csv,7,2,1,2,0,0,10,0.75,200.0,True,False,0.5,single_label_rerun,2,3,2,9,TIME_LIMIT,timeout,True,False,213.379543,rerun_attempt_runtime,213.379543,2171.409723,MaxDepthTimeout,9,4,/root/Projects/Nathan/Patch-Attack-Verification/logs/20260326/20260326_175035_ub_0p75_timeout_200_try_01/002_adv_label_2_eran_run.log
/root/Projects/Nathan/Patch-Attack-Verification/csv/recursive_timeout_refinement_20260326_175035.csv,7,2,1,2,0,0,10,0.75,200.0,True,False,0.5,single_label_rerun,3,4,3,9,TIME_LIMIT,timeout,True,False,213.403073,rerun_attempt_runtime,213.403073,2171.409723,MaxDepthTimeout,9,4,/root/Projects/Nathan/Patch-Attack-Verification/logs/20260326/20260326_175035_ub_0p75_timeout_200_try_01/003_adv_label_2_eran_run.log
/root/Projects/Nathan/Patch-Attack-Verification/csv/recursive_timeout_refinement_20260326_175035.csv,7,2,1,2,0,0,10,0.75,200.0,True,False,0.5,single_label_rerun,4,5,4,9,TIME_LIMIT,timeout,True,False,213.538339,rerun_attempt_runtime,213.538339,2171.409723,MaxDepthTimeout,9,4,/root/Projects/Nathan/Patch-Attack-Verification/logs/20260326/20260326_175035_ub_0p75_timeout_200_try_01/004_adv_label_2_eran_run.log
/root/Projects/Nathan/Patch-Attack-Verification/csv/recursive_timeout_refinement_20260326_175035.csv,7,2,1,7,0,0,10,0.75,200.0,True,False,0.5,single_label_rerun,5,2,1,9,TIME_LIMIT,timeout,True,False,214.014778,rerun_attempt_runtime,214.014778,2171.409723,MaxDepthTimeout,9,4,/root/Projects/Nathan/Patch-Attack-Verification/logs/20260326/20260326_175035_ub_0p75_timeout_200_try_01/005_adv_label_7_eran_run.log
/root/Projects/Nathan/Patch-Attack-Verification/csv/recursive_timeout_refinement_20260326_175035.csv,7,2,1,7,0,0,10,0.75,200.0,True,False,0.5,single_label_rerun,6,3,2,9,TIME_LIMIT,timeout,True,False,213.310847,rerun_attempt_runtime,213.310847,2171.409723,MaxDepthTimeout,9,4,/root/Projects/Nathan/Patch-Attack-Verification/logs/20260326/20260326_175035_ub_0p75_timeout_200_try_01/006_adv_label_7_eran_run.log
/root/Projects/Nathan/Patch-Attack-Verification/csv/recursive_timeout_refinement_20260326_175035.csv,7,2,1,7,0,0,10,0.75,200.0,True,False,0.5,single_label_rerun,7,4,3,9,TIME_LIMIT,timeout,True,False,213.562968,rerun_attempt_runtime,213.562968,2171.409723,MaxDepthTimeout,9,4,/root/Projects/Nathan/Patch-Attack-Verification/logs/20260326/20260326_175035_ub_0p75_timeout_200_try_01/007_adv_label_7_eran_run.log
/root/Projects/Nathan/Patch-Attack-Verification/csv/recursive_timeout_refinement_20260326_175035.csv,7,2,1,7,0,0,10,0.75,200.0,True,False,0.5,single_label_rerun,8,5,4,9,TIME_LIMIT,timeout,True,False,213.863964,rerun_attempt_runtime,213.863964,2171.409723,MaxDepthTimeout,9,4,/root/Projects/Nathan/Patch-Attack-Verification/logs/20260326/20260326_175035_ub_0p75_timeout_200_try_01/008_adv_label_7_eran_run.log
/root/Projects/Nathan/Patch-Attack-Verification/csv/recursive_timeout_refinement_20260326_175035.csv,8,2,1,0,0,0,10,0.75,600.0,True,False,0.5,initial_all_labels,0,1,0,11,INTERRUPTED,verified,False,False,0.9055488109588623,initial_label_local_verify_time,1265.293296,6174.672224,MaxDepthTimeout,9,4,/root/Projects/Nathan/Patch-Attack-Verification/logs/20260326/20260326_175035_ub_0p75_timeout_600_try_02/000_all_labels_eran_run.log
/root/Projects/Nathan/Patch-Attack-Verification/csv/recursive_timeout_refinement_20260326_175035.csv,8,2,1,2,0,0,10,0.75,600.0,True,False,0.5,initial_all_labels,0,1,0,9,TIME_LIMIT,timeout,True,False,,initial_label_local_missing,1265.293296,6174.672224,MaxDepthTimeout,9,4,/root/Projects/Nathan/Patch-Attack-Verification/logs/20260326/20260326_175035_ub_0p75_timeout_600_try_02/000_all_labels_eran_run.log
/root/Projects/Nathan/Patch-Attack-Verification/csv/recursive_timeout_refinement_20260326_175035.csv,8,2,1,3,0,0,10,0.75,600.0,True,False,0.5,initial_all_labels,0,1,0,6,CUTOFF,verified,False,False,27.93099570274353,initial_label_local_verify_time,1265.293296,6174.672224,MaxDepthTimeout,9,4,/root/Projects/Nathan/Patch-Attack-Verification/logs/20260326/20260326_175035_ub_0p75_timeout_600_try_02/000_all_labels_eran_run.log
/root/Projects/Nathan/Patch-Attack-Verification/csv/recursive_timeout_refinement_20260326_175035.csv,8,2,1,4,0,0,10,0.75,600.0,True,False,0.5,initial_all_labels,0,1,0,6,CUTOFF,verified,False,False,3.728856325149536,initial_label_local_verify_time,1265.293296,6174.672224,MaxDepthTimeout,9,4,/root/Projects/Nathan/Patch-Attack-Verification/logs/20260326/20260326_175035_ub_0p75_timeout_600_try_02/000_all_labels_eran_run.log
/root/Projects/Nathan/Patch-Attack-Verification/csv/recursive_timeout_refinement_20260326_175035.csv,8,2,1,5,0,0,10,0.75,600.0,True,False,0.5,initial_all_labels,0,1,0,6,CUTOFF,verified,False,False,4.127116918563843,initial_label_local_verify_time,1265.293296,6174.672224,MaxDepthTimeout,9,4,/root/Projects/Nathan/Patch-Attack-Verification/logs/20260326/20260326_175035_ub_0p75_timeout_600_try_02/000_all_labels_eran_run.log
/root/Projects/Nathan/Patch-Attack-Verification/csv/recursive_timeout_refinement_20260326_175035.csv,8,2,1,6,0,0,10,0.75,600.0,True,False,0.5,initial_all_labels,0,1,0,6,CUTOFF,verified,False,False,3.7258801460266113,initial_label_local_verify_time,1265.293296,6174.672224,MaxDepthTimeout,9,4,/root/Projects/Nathan/Patch-Attack-Verification/logs/20260326/20260326_175035_ub_0p75_timeout_600_try_02/000_all_labels_eran_run.log
/root/Projects/Nathan/Patch-Attack-Verification/csv/recursive_timeout_refinement_20260326_175035.csv,8,2,1,7,0,0,10,0.75,600.0,True,False,0.5,initial_all_labels,0,1,0,9,TIME_LIMIT,timeout,True,False,,initial_label_local_missing,1265.293296,6174.672224,MaxDepthTimeout,9,4,/root/Projects/Nathan/Patch-Attack-Verification/logs/20260326/20260326_175035_ub_0p75_timeout_600_try_02/000_all_labels_eran_run.log
/root/Projects/Nathan/Patch-Attack-Verification/csv/recursive_timeout_refinement_20260326_175035.csv,8,2,1,8,0,0,10,0.75,600.0,True,False,0.5,initial_all_labels,0,1,0,6,CUTOFF,verified,False,False,5.071211814880371,initial_label_local_verify_time,1265.293296,6174.672224,MaxDepthTimeout,9,4,/root/Projects/Nathan/Patch-Attack-Verification/logs/20260326/20260326_175035_ub_0p75_timeout_600_try_02/000_all_labels_eran_run.log
/root/Projects/Nathan/Patch-Attack-Verification/csv/recursive_timeout_refinement_20260326_175035.csv,8,2,1,9,0,0,10,0.75,600.0,True,False,0.5,initial_all_labels,0,1,0,6,CUTOFF,verified,False,False,4.017932415008545,initial_label_local_verify_time,1265.293296,6174.672224,MaxDepthTimeout,9,4,/root/Projects/Nathan/Patch-Attack-Verification/logs/20260326/20260326_175035_ub_0p75_timeout_600_try_02/000_all_labels_eran_run.log
/root/Projects/Nathan/Patch-Attack-Verification/csv/recursive_timeout_refinement_20260326_175035.csv,8,2,1,2,0,0,10,0.75,600.0,True,False,0.5,single_label_rerun,1,2,1,9,TIME_LIMIT,timeout,True,False,614.108029,rerun_attempt_runtime,614.108029,6174.672224,MaxDepthTimeout,9,4,/root/Projects/Nathan/Patch-Attack-Verification/logs/20260326/20260326_175035_ub_0p75_timeout_600_try_02/001_adv_label_2_eran_run.log
/root/Projects/Nathan/Patch-Attack-Verification/csv/recursive_timeout_refinement_20260326_175035.csv,8,2,1,2,0,0,10,0.75,600.0,True,False,0.5,single_label_rerun,2,3,2,9,TIME_LIMIT,timeout,True,False,613.584201,rerun_attempt_runtime,613.584201,6174.672224,MaxDepthTimeout,9,4,/root/Projects/Nathan/Patch-Attack-Verification/logs/20260326/20260326_175035_ub_0p75_timeout_600_try_02/002_adv_label_2_eran_run.log
/root/Projects/Nathan/Patch-Attack-Verification/csv/recursive_timeout_refinement_20260326_175035.csv,8,2,1,2,0,0,10,0.75,600.0,True,False,0.5,single_label_rerun,3,4,3,9,TIME_LIMIT,timeout,True,False,613.580041,rerun_attempt_runtime,613.580041,6174.672224,MaxDepthTimeout,9,4,/root/Projects/Nathan/Patch-Attack-Verification/logs/20260326/20260326_175035_ub_0p75_timeout_600_try_02/003_adv_label_2_eran_run.log
/root/Projects/Nathan/Patch-Attack-Verification/csv/recursive_timeout_refinement_20260326_175035.csv,8,2,1,2,0,0,10,0.75,600.0,True,False,0.5,single_label_rerun,4,5,4,9,TIME_LIMIT,timeout,True,False,613.858812,rerun_attempt_runtime,613.858812,6174.672224,MaxDepthTimeout,9,4,/root/Projects/Nathan/Patch-Attack-Verification/logs/20260326/20260326_175035_ub_0p75_timeout_600_try_02/004_adv_label_2_eran_run.log
/root/Projects/Nathan/Patch-Attack-Verification/csv/recursive_timeout_refinement_20260326_175035.csv,8,2,1,7,0,0,10,0.75,600.0,True,False,0.5,single_label_rerun,5,2,1,9,TIME_LIMIT,timeout,True,False,613.317014,rerun_attempt_runtime,613.317014,6174.672224,MaxDepthTimeout,9,4,/root/Projects/Nathan/Patch-Attack-Verification/logs/20260326/20260326_175035_ub_0p75_timeout_600_try_02/005_adv_label_7_eran_run.log
/root/Projects/Nathan/Patch-Attack-Verification/csv/recursive_timeout_refinement_20260326_175035.csv,8,2,1,7,0,0,10,0.75,600.0,True,False,0.5,single_label_rerun,6,3,2,9,TIME_LIMIT,timeout,True,False,613.287446,rerun_attempt_runtime,613.287446,6174.672224,MaxDepthTimeout,9,4,/root/Projects/Nathan/Patch-Attack-Verification/logs/20260326/20260326_175035_ub_0p75_timeout_600_try_02/006_adv_label_7_eran_run.log
/root/Projects/Nathan/Patch-Attack-Verification/csv/recursive_timeout_refinement_20260326_175035.csv,8,2,1,7,0,0,10,0.75,600.0,True,False,0.5,single_label_rerun,7,4,3,9,TIME_LIMIT,timeout,True,False,613.951615,rerun_attempt_runtime,613.951615,6174.672224,MaxDepthTimeout,9,4,/root/Projects/Nathan/Patch-Attack-Verification/logs/20260326/20260326_175035_ub_0p75_timeout_600_try_02/007_adv_label_7_eran_run.log
/root/Projects/Nathan/Patch-Attack-Verification/csv/recursive_timeout_refinement_20260326_175035.csv,8,2,1,7,0,0,10,0.75,600.0,True,False,0.5,single_label_rerun,8,5,4,9,TIME_LIMIT,timeout,True,False,613.69177,rerun_attempt_runtime,613.69177,6174.672224,MaxDepthTimeout,9,4,/root/Projects/Nathan/Patch-Attack-Verification/logs/20260326/20260326_175035_ub_0p75_timeout_600_try_02/008_adv_label_7_eran_run.log
/root/Projects/Nathan/Patch-Attack-Verification/csv/recursive_timeout_refinement_20260326_175035.csv,9,2,1,0,0,0,10,0.75,1200.0,True,False,0.5,initial_all_labels,0,1,0,11,INTERRUPTED,verified,False,False,0.8685786724090576,initial_label_local_verify_time,2463.055164,12180.51287,MaxDepthTimeout,9,4,/root/Projects/Nathan/Patch-Attack-Verification/logs/20260326/20260326_175035_ub_0p75_timeout_1200_try_03/000_all_labels_eran_run.log
/root/Projects/Nathan/Patch-Attack-Verification/csv/recursive_timeout_refinement_20260326_175035.csv,9,2,1,2,0,0,10,0.75,1200.0,True,False,0.5,initial_all_labels,0,1,0,9,TIME_LIMIT,timeout,True,False,,initial_label_local_missing,2463.055164,12180.51287,MaxDepthTimeout,9,4,/root/Projects/Nathan/Patch-Attack-Verification/logs/20260326/20260326_175035_ub_0p75_timeout_1200_try_03/000_all_labels_eran_run.log
/root/Projects/Nathan/Patch-Attack-Verification/csv/recursive_timeout_refinement_20260326_175035.csv,9,2,1,3,0,0,10,0.75,1200.0,True,False,0.5,initial_all_labels,0,1,0,6,CUTOFF,verified,False,False,27.017231702804565,initial_label_local_verify_time,2463.055164,12180.51287,MaxDepthTimeout,9,4,/root/Projects/Nathan/Patch-Attack-Verification/logs/20260326/20260326_175035_ub_0p75_timeout_1200_try_03/000_all_labels_eran_run.log
/root/Projects/Nathan/Patch-Attack-Verification/csv/recursive_timeout_refinement_20260326_175035.csv,9,2,1,4,0,0,10,0.75,1200.0,True,False,0.5,initial_all_labels,0,1,0,6,CUTOFF,verified,False,False,3.399381399154663,initial_label_local_verify_time,2463.055164,12180.51287,MaxDepthTimeout,9,4,/root/Projects/Nathan/Patch-Attack-Verification/logs/20260326/20260326_175035_ub_0p75_timeout_1200_try_03/000_all_labels_eran_run.log
/root/Projects/Nathan/Patch-Attack-Verification/csv/recursive_timeout_refinement_20260326_175035.csv,9,2,1,5,0,0,10,0.75,1200.0,True,False,0.5,initial_all_labels,0,1,0,6,CUTOFF,verified,False,False,3.852142572402954,initial_label_local_verify_time,2463.055164,12180.51287,MaxDepthTimeout,9,4,/root/Projects/Nathan/Patch-Attack-Verification/logs/20260326/20260326_175035_ub_0p75_timeout_1200_try_03/000_all_labels_eran_run.log
/root/Projects/Nathan/Patch-Attack-Verification/csv/recursive_timeout_refinement_20260326_175035.csv,9,2,1,6,0,0,10,0.75,1200.0,True,False,0.5,initial_all_labels,0,1,0,6,CUTOFF,verified,False,False,3.315572738647461,initial_label_local_verify_time,2463.055164,12180.51287,MaxDepthTimeout,9,4,/root/Projects/Nathan/Patch-Attack-Verification/logs/20260326/20260326_175035_ub_0p75_timeout_1200_try_03/000_all_labels_eran_run.log
/root/Projects/Nathan/Patch-Attack-Verification/csv/recursive_timeout_refinement_20260326_175035.csv,9,2,1,7,0,0,10,0.75,1200.0,True,False,0.5,initial_all_labels,0,1,0,9,TIME_LIMIT,timeout,True,False,,initial_label_local_missing,2463.055164,12180.51287,MaxDepthTimeout,9,4,/root/Projects/Nathan/Patch-Attack-Verification/logs/20260326/20260326_175035_ub_0p75_timeout_1200_try_03/000_all_labels_eran_run.log
/root/Projects/Nathan/Patch-Attack-Verification/csv/recursive_timeout_refinement_20260326_175035.csv,9,2,1,8,0,0,10,0.75,1200.0,True,False,0.5,initial_all_labels,0,1,0,6,CUTOFF,verified,False,False,5.100225448608398,initial_label_local_verify_time,2463.055164,12180.51287,MaxDepthTimeout,9,4,/root/Projects/Nathan/Patch-Attack-Verification/logs/20260326/20260326_175035_ub_0p75_timeout_1200_try_03/000_all_labels_eran_run.log
/root/Projects/Nathan/Patch-Attack-Verification/csv/recursive_timeout_refinement_20260326_175035.csv,9,2,1,9,0,0,10,0.75,1200.0,True,False,0.5,initial_all_labels,0,1,0,6,CUTOFF,verified,False,False,3.989661931991577,initial_label_local_verify_time,2463.055164,12180.51287,MaxDepthTimeout,9,4,/root/Projects/Nathan/Patch-Attack-Verification/logs/20260326/20260326_175035_ub_0p75_timeout_1200_try_03/000_all_labels_eran_run.log
/root/Projects/Nathan/Patch-Attack-Verification/csv/recursive_timeout_refinement_20260326_175035.csv,9,2,1,2,0,0,10,0.75,1200.0,True,False,0.5,single_label_rerun,1,2,1,9,TIME_LIMIT,timeout,True,False,1214.345252,rerun_attempt_runtime,1214.345252,12180.51287,MaxDepthTimeout,9,4,/root/Projects/Nathan/Patch-Attack-Verification/logs/20260326/20260326_175035_ub_0p75_timeout_1200_try_03/001_adv_label_2_eran_run.log
/root/Projects/Nathan/Patch-Attack-Verification/csv/recursive_timeout_refinement_20260326_175035.csv,9,2,1,2,0,0,10,0.75,1200.0,True,False,0.5,single_label_rerun,2,3,2,9,TIME_LIMIT,timeout,True,False,1216.727351,rerun_attempt_runtime,1216.727351,12180.51287,MaxDepthTimeout,9,4,/root/Projects/Nathan/Patch-Attack-Verification/logs/20260326/20260326_175035_ub_0p75_timeout_1200_try_03/002_adv_label_2_eran_run.log
/root/Projects/Nathan/Patch-Attack-Verification/csv/recursive_timeout_refinement_20260326_175035.csv,9,2,1,2,0,0,10,0.75,1200.0,True,False,0.5,single_label_rerun,3,4,3,9,TIME_LIMIT,timeout,True,False,1213.631645,rerun_attempt_runtime,1213.631645,12180.51287,MaxDepthTimeout,9,4,/root/Projects/Nathan/Patch-Attack-Verification/logs/20260326/20260326_175035_ub_0p75_timeout_1200_try_03/003_adv_label_2_eran_run.log
/root/Projects/Nathan/Patch-Attack-Verification/csv/recursive_timeout_refinement_20260326_175035.csv,9,2,1,2,0,0,10,0.75,1200.0,True,False,0.5,single_label_rerun,4,5,4,9,TIME_LIMIT,timeout,True,False,1218.47583,rerun_attempt_runtime,1218.47583,12180.51287,MaxDepthTimeout,9,4,/root/Projects/Nathan/Patch-Attack-Verification/logs/20260326/20260326_175035_ub_0p75_timeout_1200_try_03/004_adv_label_2_eran_run.log
/root/Projects/Nathan/Patch-Attack-Verification/csv/recursive_timeout_refinement_20260326_175035.csv,9,2,1,7,0,0,10,0.75,1200.0,True,False,0.5,single_label_rerun,5,2,1,9,TIME_LIMIT,timeout,True,False,1213.562374,rerun_attempt_runtime,1213.562374,12180.51287,MaxDepthTimeout,9,4,/root/Projects/Nathan/Patch-Attack-Verification/logs/20260326/20260326_175035_ub_0p75_timeout_1200_try_03/005_adv_label_7_eran_run.log
/root/Projects/Nathan/Patch-Attack-Verification/csv/recursive_timeout_refinement_20260326_175035.csv,9,2,1,7,0,0,10,0.75,1200.0,True,False,0.5,single_label_rerun,6,3,2,9,TIME_LIMIT,timeout,True,False,1213.653695,rerun_attempt_runtime,1213.653695,12180.51287,MaxDepthTimeout,9,4,/root/Projects/Nathan/Patch-Attack-Verification/logs/20260326/20260326_175035_ub_0p75_timeout_1200_try_03/006_adv_label_7_eran_run.log
/root/Projects/Nathan/Patch-Attack-Verification/csv/recursive_timeout_refinement_20260326_175035.csv,9,2,1,7,0,0,10,0.75,1200.0,True,False,0.5,single_label_rerun,7,4,3,9,TIME_LIMIT,timeout,True,False,1213.445178,rerun_attempt_runtime,1213.445178,12180.51287,MaxDepthTimeout,9,4,/root/Projects/Nathan/Patch-Attack-Verification/logs/20260326/20260326_175035_ub_0p75_timeout_1200_try_03/007_adv_label_7_eran_run.log
/root/Projects/Nathan/Patch-Attack-Verification/csv/recursive_timeout_refinement_20260326_175035.csv,9,2,1,7,0,0,10,0.75,1200.0,True,False,0.5,single_label_rerun,8,5,4,9,TIME_LIMIT,timeout,True,False,1213.616381,rerun_attempt_runtime,1213.616381,12180.51287,MaxDepthTimeout,9,4,/root/Projects/Nathan/Patch-Attack-Verification/logs/20260326/20260326_175035_ub_0p75_timeout_1200_try_03/008_adv_label_7_eran_run.log
/root/Projects/Nathan/Patch-Attack-Verification/csv/recursive_timeout_refinement_20260326_175035.csv,10,2,1,0,0,0,10,0.75,3000.0,True,False,0.5,initial_all_labels,0,1,0,11,INTERRUPTED,verified,False,False,0.8386421203613281,initial_label_local_verify_time,5433.90819,17490.975682,MaxDepthTimeout,5,4,/root/Projects/Nathan/Patch-Attack-Verification/logs/20260327/20260326_175035_ub_0p75_timeout_3000_try_04/000_all_labels_eran_run.log
/root/Projects/Nathan/Patch-Attack-Verification/csv/recursive_timeout_refinement_20260326_175035.csv,10,2,1,2,0,0,10,0.75,3000.0,True,False,0.5,initial_all_labels,0,1,0,9,TIME_LIMIT,timeout,True,False,,initial_label_local_missing,5433.90819,17490.975682,MaxDepthTimeout,5,4,/root/Projects/Nathan/Patch-Attack-Verification/logs/20260327/20260326_175035_ub_0p75_timeout_3000_try_04/000_all_labels_eran_run.log
/root/Projects/Nathan/Patch-Attack-Verification/csv/recursive_timeout_refinement_20260326_175035.csv,10,2,1,3,0,0,10,0.75,3000.0,True,False,0.5,initial_all_labels,0,1,0,6,CUTOFF,verified,False,False,26.98112964630127,initial_label_local_verify_time,5433.90819,17490.975682,MaxDepthTimeout,5,4,/root/Projects/Nathan/Patch-Attack-Verification/logs/20260327/20260326_175035_ub_0p75_timeout_3000_try_04/000_all_labels_eran_run.log
/root/Projects/Nathan/Patch-Attack-Verification/csv/recursive_timeout_refinement_20260326_175035.csv,10,2,1,4,0,0,10,0.75,3000.0,True,False,0.5,initial_all_labels,0,1,0,6,CUTOFF,verified,False,False,3.4466471672058105,initial_label_local_verify_time,5433.90819,17490.975682,MaxDepthTimeout,5,4,/root/Projects/Nathan/Patch-Attack-Verification/logs/20260327/20260326_175035_ub_0p75_timeout_3000_try_04/000_all_labels_eran_run.log
/root/Projects/Nathan/Patch-Attack-Verification/csv/recursive_timeout_refinement_20260326_175035.csv,10,2,1,5,0,0,10,0.75,3000.0,True,False,0.5,initial_all_labels,0,1,0,6,CUTOFF,verified,False,False,3.8873748779296875,initial_label_local_verify_time,5433.90819,17490.975682,MaxDepthTimeout,5,4,/root/Projects/Nathan/Patch-Attack-Verification/logs/20260327/20260326_175035_ub_0p75_timeout_3000_try_04/000_all_labels_eran_run.log
/root/Projects/Nathan/Patch-Attack-Verification/csv/recursive_timeout_refinement_20260326_175035.csv,10,2,1,6,0,0,10,0.75,3000.0,True,False,0.5,initial_all_labels,0,1,0,6,CUTOFF,verified,False,False,3.4682600498199463,initial_label_local_verify_time,5433.90819,17490.975682,MaxDepthTimeout,5,4,/root/Projects/Nathan/Patch-Attack-Verification/logs/20260327/20260326_175035_ub_0p75_timeout_3000_try_04/000_all_labels_eran_run.log
/root/Projects/Nathan/Patch-Attack-Verification/csv/recursive_timeout_refinement_20260326_175035.csv,10,2,1,7,0,0,10,0.75,3000.0,True,False,0.5,initial_all_labels,0,1,0,6,CUTOFF,verified,False,False,2373.1749827861786,initial_label_local_verify_time,5433.90819,17490.975682,MaxDepthTimeout,5,4,/root/Projects/Nathan/Patch-Attack-Verification/logs/20260327/20260326_175035_ub_0p75_timeout_3000_try_04/000_all_labels_eran_run.log
/root/Projects/Nathan/Patch-Attack-Verification/csv/recursive_timeout_refinement_20260326_175035.csv,10,2,1,8,0,0,10,0.75,3000.0,True,False,0.5,initial_all_labels,0,1,0,6,CUTOFF,verified,False,False,4.866800785064697,initial_label_local_verify_time,5433.90819,17490.975682,MaxDepthTimeout,5,4,/root/Projects/Nathan/Patch-Attack-Verification/logs/20260327/20260326_175035_ub_0p75_timeout_3000_try_04/000_all_labels_eran_run.log
/root/Projects/Nathan/Patch-Attack-Verification/csv/recursive_timeout_refinement_20260326_175035.csv,10,2,1,9,0,0,10,0.75,3000.0,True,False,0.5,initial_all_labels,0,1,0,6,CUTOFF,verified,False,False,3.733624219894409,initial_label_local_verify_time,5433.90819,17490.975682,MaxDepthTimeout,5,4,/root/Projects/Nathan/Patch-Attack-Verification/logs/20260327/20260326_175035_ub_0p75_timeout_3000_try_04/000_all_labels_eran_run.log
/root/Projects/Nathan/Patch-Attack-Verification/csv/recursive_timeout_refinement_20260326_175035.csv,10,2,1,2,0,0,10,0.75,3000.0,True,False,0.5,single_label_rerun,1,2,1,9,TIME_LIMIT,timeout,True,False,3016.764255,rerun_attempt_runtime,3016.764255,17490.975682,MaxDepthTimeout,5,4,/root/Projects/Nathan/Patch-Attack-Verification/logs/20260327/20260326_175035_ub_0p75_timeout_3000_try_04/001_adv_label_2_eran_run.log
/root/Projects/Nathan/Patch-Attack-Verification/csv/recursive_timeout_refinement_20260326_175035.csv,10,2,1,2,0,0,10,0.75,3000.0,True,False,0.5,single_label_rerun,2,3,2,9,TIME_LIMIT,timeout,True,False,3013.39637,rerun_attempt_runtime,3013.39637,17490.975682,MaxDepthTimeout,5,4,/root/Projects/Nathan/Patch-Attack-Verification/logs/20260327/20260326_175035_ub_0p75_timeout_3000_try_04/002_adv_label_2_eran_run.log
/root/Projects/Nathan/Patch-Attack-Verification/csv/recursive_timeout_refinement_20260326_175035.csv,10,2,1,2,0,0,10,0.75,3000.0,True,False,0.5,single_label_rerun,3,4,3,9,TIME_LIMIT,timeout,True,False,3013.430162,rerun_attempt_runtime,3013.430162,17490.975682,MaxDepthTimeout,5,4,/root/Projects/Nathan/Patch-Attack-Verification/logs/20260327/20260326_175035_ub_0p75_timeout_3000_try_04/003_adv_label_2_eran_run.log
/root/Projects/Nathan/Patch-Attack-Verification/csv/recursive_timeout_refinement_20260326_175035.csv,10,2,1,2,0,0,10,0.75,3000.0,True,False,0.5,single_label_rerun,4,5,4,9,TIME_LIMIT,timeout,True,False,3013.476705,rerun_attempt_runtime,3013.476705,17490.975682,MaxDepthTimeout,5,4,/root/Projects/Nathan/Patch-Attack-Verification/logs/20260327/20260326_175035_ub_0p75_timeout_3000_try_04/004_adv_label_2_eran_run.log
/root/Projects/Nathan/Patch-Attack-Verification/csv/recursive_timeout_refinement_20260326_175035.csv,11,2,1,0,0,0,10,0.75,6500.0,True,False,0.5,initial_all_labels,0,1,0,11,INTERRUPTED,verified,False,False,0.874671459197998,initial_label_local_verify_time,6721.336139,6721.336139,Verified,1,0,/root/Projects/Nathan/Patch-Attack-Verification/logs/20260327/20260326_175035_ub_0p75_timeout_6500_try_05/000_all_labels_eran_run.log
/root/Projects/Nathan/Patch-Attack-Verification/csv/recursive_timeout_refinement_20260326_175035.csv,11,2,1,2,0,0,10,0.75,6500.0,True,False,0.5,initial_all_labels,0,1,0,11,INTERRUPTED,verified,False,False,4288.019498348236,initial_label_local_verify_time,6721.336139,6721.336139,Verified,1,0,/root/Projects/Nathan/Patch-Attack-Verification/logs/20260327/20260326_175035_ub_0p75_timeout_6500_try_05/000_all_labels_eran_run.log
/root/Projects/Nathan/Patch-Attack-Verification/csv/recursive_timeout_refinement_20260326_175035.csv,11,2,1,3,0,0,10,0.75,6500.0,True,False,0.5,initial_all_labels,0,1,0,6,CUTOFF,verified,False,False,27.055310249328613,initial_label_local_verify_time,6721.336139,6721.336139,Verified,1,0,/root/Projects/Nathan/Patch-Attack-Verification/logs/20260327/20260326_175035_ub_0p75_timeout_6500_try_05/000_all_labels_eran_run.log
/root/Projects/Nathan/Patch-Attack-Verification/csv/recursive_timeout_refinement_20260326_175035.csv,11,2,1,4,0,0,10,0.75,6500.0,True,False,0.5,initial_all_labels,0,1,0,6,CUTOFF,verified,False,False,3.5102500915527344,initial_label_local_verify_time,6721.336139,6721.336139,Verified,1,0,/root/Projects/Nathan/Patch-Attack-Verification/logs/20260327/20260326_175035_ub_0p75_timeout_6500_try_05/000_all_labels_eran_run.log
/root/Projects/Nathan/Patch-Attack-Verification/csv/recursive_timeout_refinement_20260326_175035.csv,11,2,1,5,0,0,10,0.75,6500.0,True,False,0.5,initial_all_labels,0,1,0,6,CUTOFF,verified,False,False,3.967778205871582,initial_label_local_verify_time,6721.336139,6721.336139,Verified,1,0,/root/Projects/Nathan/Patch-Attack-Verification/logs/20260327/20260326_175035_ub_0p75_timeout_6500_try_05/000_all_labels_eran_run.log
/root/Projects/Nathan/Patch-Attack-Verification/csv/recursive_timeout_refinement_20260326_175035.csv,11,2,1,6,0,0,10,0.75,6500.0,True,False,0.5,initial_all_labels,0,1,0,6,CUTOFF,verified,False,False,3.4404373168945312,initial_label_local_verify_time,6721.336139,6721.336139,Verified,1,0,/root/Projects/Nathan/Patch-Attack-Verification/logs/20260327/20260326_175035_ub_0p75_timeout_6500_try_05/000_all_labels_eran_run.log
/root/Projects/Nathan/Patch-Attack-Verification/csv/recursive_timeout_refinement_20260326_175035.csv,11,2,1,7,0,0,10,0.75,6500.0,True,False,0.5,initial_all_labels,0,1,0,6,CUTOFF,verified,False,False,2374.712339401245,initial_label_local_verify_time,6721.336139,6721.336139,Verified,1,0,/root/Projects/Nathan/Patch-Attack-Verification/logs/20260327/20260326_175035_ub_0p75_timeout_6500_try_05/000_all_labels_eran_run.log
/root/Projects/Nathan/Patch-Attack-Verification/csv/recursive_timeout_refinement_20260326_175035.csv,11,2,1,8,0,0,10,0.75,6500.0,True,False,0.5,initial_all_labels,0,1,0,6,CUTOFF,verified,False,False,4.750267267227173,initial_label_local_verify_time,6721.336139,6721.336139,Verified,1,0,/root/Projects/Nathan/Patch-Attack-Verification/logs/20260327/20260326_175035_ub_0p75_timeout_6500_try_05/000_all_labels_eran_run.log
/root/Projects/Nathan/Patch-Attack-Verification/csv/recursive_timeout_refinement_20260326_175035.csv,11,2,1,9,0,0,10,0.75,6500.0,True,False,0.5,initial_all_labels,0,1,0,6,CUTOFF,verified,False,False,3.648442506790161,initial_label_local_verify_time,6721.336139,6721.336139,Verified,1,0,/root/Projects/Nathan/Patch-Attack-Verification/logs/20260327/20260326_175035_ub_0p75_timeout_6500_try_05/000_all_labels_eran_run.log
/root/Projects/Nathan/Patch-Attack-Verification/csv/recursive_timeout_refinement_20260326_175035.csv,12,2,1,0,0,0,10,0.8,600.0,True,False,0.5,initial_all_labels,0,1,0,6,CUTOFF,verified,False,False,3.481677532196045,initial_label_local_verify_time,1534.22733,6454.334894,MaxDepthTimeout,9,4,/root/Projects/Nathan/Patch-Attack-Verification/logs/20260327/20260326_175035_ub_0p8_timeout_600_try_01/000_all_labels_eran_run.log
/root/Projects/Nathan/Patch-Attack-Verification/csv/recursive_timeout_refinement_20260326_175035.csv,12,2,1,2,0,0,10,0.8,600.0,True,False,0.5,initial_all_labels,0,1,0,9,TIME_LIMIT,timeout,True,False,,initial_label_local_missing,1534.22733,6454.334894,MaxDepthTimeout,9,4,/root/Projects/Nathan/Patch-Attack-Verification/logs/20260327/20260326_175035_ub_0p8_timeout_600_try_01/000_all_labels_eran_run.log
/root/Projects/Nathan/Patch-Attack-Verification/csv/recursive_timeout_refinement_20260326_175035.csv,12,2,1,3,0,0,10,0.8,600.0,True,False,0.5,initial_all_labels,0,1,0,6,CUTOFF,verified,False,False,194.43430519104004,initial_label_local_verify_time,1534.22733,6454.334894,MaxDepthTimeout,9,4,/root/Projects/Nathan/Patch-Attack-Verification/logs/20260327/20260326_175035_ub_0p8_timeout_600_try_01/000_all_labels_eran_run.log
/root/Projects/Nathan/Patch-Attack-Verification/csv/recursive_timeout_refinement_20260326_175035.csv,12,2,1,4,0,0,10,0.8,600.0,True,False,0.5,initial_all_labels,0,1,0,6,CUTOFF,verified,False,False,3.824476957321167,initial_label_local_verify_time,1534.22733,6454.334894,MaxDepthTimeout,9,4,/root/Projects/Nathan/Patch-Attack-Verification/logs/20260327/20260326_175035_ub_0p8_timeout_600_try_01/000_all_labels_eran_run.log
/root/Projects/Nathan/Patch-Attack-Verification/csv/recursive_timeout_refinement_20260326_175035.csv,12,2,1,5,0,0,10,0.8,600.0,True,False,0.5,initial_all_labels,0,1,0,6,CUTOFF,verified,False,False,3.4361910820007324,initial_label_local_verify_time,1534.22733,6454.334894,MaxDepthTimeout,9,4,/root/Projects/Nathan/Patch-Attack-Verification/logs/20260327/20260326_175035_ub_0p8_timeout_600_try_01/000_all_labels_eran_run.log
/root/Projects/Nathan/Patch-Attack-Verification/csv/recursive_timeout_refinement_20260326_175035.csv,12,2,1,6,0,0,10,0.8,600.0,True,False,0.5,initial_all_labels,0,1,0,6,CUTOFF,verified,False,False,3.703625440597534,initial_label_local_verify_time,1534.22733,6454.334894,MaxDepthTimeout,9,4,/root/Projects/Nathan/Patch-Attack-Verification/logs/20260327/20260326_175035_ub_0p8_timeout_600_try_01/000_all_labels_eran_run.log
/root/Projects/Nathan/Patch-Attack-Verification/csv/recursive_timeout_refinement_20260326_175035.csv,12,2,1,7,0,0,10,0.8,600.0,True,False,0.5,initial_all_labels,0,1,0,9,TIME_LIMIT,timeout,True,False,,initial_label_local_missing,1534.22733,6454.334894,MaxDepthTimeout,9,4,/root/Projects/Nathan/Patch-Attack-Verification/logs/20260327/20260326_175035_ub_0p8_timeout_600_try_01/000_all_labels_eran_run.log
/root/Projects/Nathan/Patch-Attack-Verification/csv/recursive_timeout_refinement_20260326_175035.csv,12,2,1,8,0,0,10,0.8,600.0,True,False,0.5,initial_all_labels,0,1,0,6,CUTOFF,verified,False,False,104.28266620635986,initial_label_local_verify_time,1534.22733,6454.334894,MaxDepthTimeout,9,4,/root/Projects/Nathan/Patch-Attack-Verification/logs/20260327/20260326_175035_ub_0p8_timeout_600_try_01/000_all_labels_eran_run.log
/root/Projects/Nathan/Patch-Attack-Verification/csv/recursive_timeout_refinement_20260326_175035.csv,12,2,1,9,0,0,10,0.8,600.0,True,False,0.5,initial_all_labels,0,1,0,6,CUTOFF,verified,False,False,4.08916974067688,initial_label_local_verify_time,1534.22733,6454.334894,MaxDepthTimeout,9,4,/root/Projects/Nathan/Patch-Attack-Verification/logs/20260327/20260326_175035_ub_0p8_timeout_600_try_01/000_all_labels_eran_run.log
/root/Projects/Nathan/Patch-Attack-Verification/csv/recursive_timeout_refinement_20260326_175035.csv,12,2,1,2,0,0,10,0.8,600.0,True,False,0.5,single_label_rerun,1,2,1,9,TIME_LIMIT,timeout,True,False,614.785999,rerun_attempt_runtime,614.785999,6454.334894,MaxDepthTimeout,9,4,/root/Projects/Nathan/Patch-Attack-Verification/logs/20260327/20260326_175035_ub_0p8_timeout_600_try_01/001_adv_label_2_eran_run.log
/root/Projects/Nathan/Patch-Attack-Verification/csv/recursive_timeout_refinement_20260326_175035.csv,12,2,1,2,0,0,10,0.8,600.0,True,False,0.5,single_label_rerun,2,3,2,9,TIME_LIMIT,timeout,True,False,615.038785,rerun_attempt_runtime,615.038785,6454.334894,MaxDepthTimeout,9,4,/root/Projects/Nathan/Patch-Attack-Verification/logs/20260327/20260326_175035_ub_0p8_timeout_600_try_01/002_adv_label_2_eran_run.log
/root/Projects/Nathan/Patch-Attack-Verification/csv/recursive_timeout_refinement_20260326_175035.csv,12,2,1,2,0,0,10,0.8,600.0,True,False,0.5,single_label_rerun,3,4,3,9,TIME_LIMIT,timeout,True,False,615.152335,rerun_attempt_runtime,615.152335,6454.334894,MaxDepthTimeout,9,4,/root/Projects/Nathan/Patch-Attack-Verification/logs/20260327/20260326_175035_ub_0p8_timeout_600_try_01/003_adv_label_2_eran_run.log
/root/Projects/Nathan/Patch-Attack-Verification/csv/recursive_timeout_refinement_20260326_175035.csv,12,2,1,2,0,0,10,0.8,600.0,True,False,0.5,single_label_rerun,4,5,4,9,TIME_LIMIT,timeout,True,False,614.702215,rerun_attempt_runtime,614.702215,6454.334894,MaxDepthTimeout,9,4,/root/Projects/Nathan/Patch-Attack-Verification/logs/20260327/20260326_175035_ub_0p8_timeout_600_try_01/004_adv_label_2_eran_run.log
/root/Projects/Nathan/Patch-Attack-Verification/csv/recursive_timeout_refinement_20260326_175035.csv,12,2,1,7,0,0,10,0.8,600.0,True,False,0.5,single_label_rerun,5,2,1,9,TIME_LIMIT,timeout,True,False,614.725654,rerun_attempt_runtime,614.725654,6454.334894,MaxDepthTimeout,9,4,/root/Projects/Nathan/Patch-Attack-Verification/logs/20260327/20260326_175035_ub_0p8_timeout_600_try_01/005_adv_label_7_eran_run.log
/root/Projects/Nathan/Patch-Attack-Verification/csv/recursive_timeout_refinement_20260326_175035.csv,12,2,1,7,0,0,10,0.8,600.0,True,False,0.5,single_label_rerun,6,3,2,9,TIME_LIMIT,timeout,True,False,614.92129,rerun_attempt_runtime,614.92129,6454.334894,MaxDepthTimeout,9,4,/root/Projects/Nathan/Patch-Attack-Verification/logs/20260327/20260326_175035_ub_0p8_timeout_600_try_01/006_adv_label_7_eran_run.log
/root/Projects/Nathan/Patch-Attack-Verification/csv/recursive_timeout_refinement_20260326_175035.csv,12,2,1,7,0,0,10,0.8,600.0,True,False,0.5,single_label_rerun,7,4,3,9,TIME_LIMIT,timeout,True,False,615.785668,rerun_attempt_runtime,615.785668,6454.334894,MaxDepthTimeout,9,4,/root/Projects/Nathan/Patch-Attack-Verification/logs/20260327/20260326_175035_ub_0p8_timeout_600_try_01/007_adv_label_7_eran_run.log
/root/Projects/Nathan/Patch-Attack-Verification/csv/recursive_timeout_refinement_20260326_175035.csv,12,2,1,7,0,0,10,0.8,600.0,True,False,0.5,single_label_rerun,8,5,4,9,TIME_LIMIT,timeout,True,False,614.995618,rerun_attempt_runtime,614.995618,6454.334894,MaxDepthTimeout,9,4,/root/Projects/Nathan/Patch-Attack-Verification/logs/20260327/20260326_175035_ub_0p8_timeout_600_try_01/008_adv_label_7_eran_run.log
/root/Projects/Nathan/Patch-Attack-Verification/csv/recursive_timeout_refinement_20260326_175035.csv,13,2,1,0,0,0,10,0.8,1000.0,True,False,0.5,initial_all_labels,0,1,0,6,CUTOFF,verified,False,False,3.460313320159912,initial_label_local_verify_time,2334.918749,10457.545492,MaxDepthTimeout,9,4,/root/Projects/Nathan/Patch-Attack-Verification/logs/20260327/20260326_175035_ub_0p8_timeout_1000_try_02/000_all_labels_eran_run.log
/root/Projects/Nathan/Patch-Attack-Verification/csv/recursive_timeout_refinement_20260326_175035.csv,13,2,1,2,0,0,10,0.8,1000.0,True,False,0.5,initial_all_labels,0,1,0,9,TIME_LIMIT,timeout,True,False,,initial_label_local_missing,2334.918749,10457.545492,MaxDepthTimeout,9,4,/root/Projects/Nathan/Patch-Attack-Verification/logs/20260327/20260326_175035_ub_0p8_timeout_1000_try_02/000_all_labels_eran_run.log
/root/Projects/Nathan/Patch-Attack-Verification/csv/recursive_timeout_refinement_20260326_175035.csv,13,2,1,3,0,0,10,0.8,1000.0,True,False,0.5,initial_all_labels,0,1,0,6,CUTOFF,verified,False,False,196.001079082489,initial_label_local_verify_time,2334.918749,10457.545492,MaxDepthTimeout,9,4,/root/Projects/Nathan/Patch-Attack-Verification/logs/20260327/20260326_175035_ub_0p8_timeout_1000_try_02/000_all_labels_eran_run.log
/root/Projects/Nathan/Patch-Attack-Verification/csv/recursive_timeout_refinement_20260326_175035.csv,13,2,1,4,0,0,10,0.8,1000.0,True,False,0.5,initial_all_labels,0,1,0,6,CUTOFF,verified,False,False,3.7769339084625244,initial_label_local_verify_time,2334.918749,10457.545492,MaxDepthTimeout,9,4,/root/Projects/Nathan/Patch-Attack-Verification/logs/20260327/20260326_175035_ub_0p8_timeout_1000_try_02/000_all_labels_eran_run.log
/root/Projects/Nathan/Patch-Attack-Verification/csv/recursive_timeout_refinement_20260326_175035.csv,13,2,1,5,0,0,10,0.8,1000.0,True,False,0.5,initial_all_labels,0,1,0,6,CUTOFF,verified,False,False,3.4174845218658447,initial_label_local_verify_time,2334.918749,10457.545492,MaxDepthTimeout,9,4,/root/Projects/Nathan/Patch-Attack-Verification/logs/20260327/20260326_175035_ub_0p8_timeout_1000_try_02/000_all_labels_eran_run.log
/root/Projects/Nathan/Patch-Attack-Verification/csv/recursive_timeout_refinement_20260326_175035.csv,13,2,1,6,0,0,10,0.8,1000.0,True,False,0.5,initial_all_labels,0,1,0,6,CUTOFF,verified,False,False,3.5509212017059326,initial_label_local_verify_time,2334.918749,10457.545492,MaxDepthTimeout,9,4,/root/Projects/Nathan/Patch-Attack-Verification/logs/20260327/20260326_175035_ub_0p8_timeout_1000_try_02/000_all_labels_eran_run.log
/root/Projects/Nathan/Patch-Attack-Verification/csv/recursive_timeout_refinement_20260326_175035.csv,13,2,1,7,0,0,10,0.8,1000.0,True,False,0.5,initial_all_labels,0,1,0,9,TIME_LIMIT,timeout,True,False,,initial_label_local_missing,2334.918749,10457.545492,MaxDepthTimeout,9,4,/root/Projects/Nathan/Patch-Attack-Verification/logs/20260327/20260326_175035_ub_0p8_timeout_1000_try_02/000_all_labels_eran_run.log
/root/Projects/Nathan/Patch-Attack-Verification/csv/recursive_timeout_refinement_20260326_175035.csv,13,2,1,8,0,0,10,0.8,1000.0,True,False,0.5,initial_all_labels,0,1,0,6,CUTOFF,verified,False,False,103.64197850227356,initial_label_local_verify_time,2334.918749,10457.545492,MaxDepthTimeout,9,4,/root/Projects/Nathan/Patch-Attack-Verification/logs/20260327/20260326_175035_ub_0p8_timeout_1000_try_02/000_all_labels_eran_run.log
/root/Projects/Nathan/Patch-Attack-Verification/csv/recursive_timeout_refinement_20260326_175035.csv,13,2,1,9,0,0,10,0.8,1000.0,True,False,0.5,initial_all_labels,0,1,0,6,CUTOFF,verified,False,False,4.286389112472534,initial_label_local_verify_time,2334.918749,10457.545492,MaxDepthTimeout,9,4,/root/Projects/Nathan/Patch-Attack-Verification/logs/20260327/20260326_175035_ub_0p8_timeout_1000_try_02/000_all_labels_eran_run.log
/root/Projects/Nathan/Patch-Attack-Verification/csv/recursive_timeout_refinement_20260326_175035.csv,13,2,1,2,0,0,10,0.8,1000.0,True,False,0.5,single_label_rerun,1,2,1,9,TIME_LIMIT,timeout,True,False,1014.959246,rerun_attempt_runtime,1014.959246,10457.545492,MaxDepthTimeout,9,4,/root/Projects/Nathan/Patch-Attack-Verification/logs/20260327/20260326_175035_ub_0p8_timeout_1000_try_02/001_adv_label_2_eran_run.log
/root/Projects/Nathan/Patch-Attack-Verification/csv/recursive_timeout_refinement_20260326_175035.csv,13,2,1,2,0,0,10,0.8,1000.0,True,False,0.5,single_label_rerun,2,3,2,9,TIME_LIMIT,timeout,True,False,1015.075824,rerun_attempt_runtime,1015.075824,10457.545492,MaxDepthTimeout,9,4,/root/Projects/Nathan/Patch-Attack-Verification/logs/20260327/20260326_175035_ub_0p8_timeout_1000_try_02/002_adv_label_2_eran_run.log
/root/Projects/Nathan/Patch-Attack-Verification/csv/recursive_timeout_refinement_20260326_175035.csv,13,2,1,2,0,0,10,0.8,1000.0,True,False,0.5,single_label_rerun,3,4,3,9,TIME_LIMIT,timeout,True,False,1015.210674,rerun_attempt_runtime,1015.210674,10457.545492,MaxDepthTimeout,9,4,/root/Projects/Nathan/Patch-Attack-Verification/logs/20260327/20260326_175035_ub_0p8_timeout_1000_try_02/003_adv_label_2_eran_run.log
/root/Projects/Nathan/Patch-Attack-Verification/csv/recursive_timeout_refinement_20260326_175035.csv,13,2,1,2,0,0,10,0.8,1000.0,True,False,0.5,single_label_rerun,4,5,4,9,TIME_LIMIT,timeout,True,False,1014.846412,rerun_attempt_runtime,1014.846412,10457.545492,MaxDepthTimeout,9,4,/root/Projects/Nathan/Patch-Attack-Verification/logs/20260327/20260326_175035_ub_0p8_timeout_1000_try_02/004_adv_label_2_eran_run.log
/root/Projects/Nathan/Patch-Attack-Verification/csv/recursive_timeout_refinement_20260326_175035.csv,13,2,1,7,0,0,10,0.8,1000.0,True,False,0.5,single_label_rerun,5,2,1,9,TIME_LIMIT,timeout,True,False,1016.361615,rerun_attempt_runtime,1016.361615,10457.545492,MaxDepthTimeout,9,4,/root/Projects/Nathan/Patch-Attack-Verification/logs/20260327/20260326_175035_ub_0p8_timeout_1000_try_02/005_adv_label_7_eran_run.log
/root/Projects/Nathan/Patch-Attack-Verification/csv/recursive_timeout_refinement_20260326_175035.csv,13,2,1,7,0,0,10,0.8,1000.0,True,False,0.5,single_label_rerun,6,3,2,9,TIME_LIMIT,timeout,True,False,1014.945028,rerun_attempt_runtime,1014.945028,10457.545492,MaxDepthTimeout,9,4,/root/Projects/Nathan/Patch-Attack-Verification/logs/20260327/20260326_175035_ub_0p8_timeout_1000_try_02/006_adv_label_7_eran_run.log
/root/Projects/Nathan/Patch-Attack-Verification/csv/recursive_timeout_refinement_20260326_175035.csv,13,2,1,7,0,0,10,0.8,1000.0,True,False,0.5,single_label_rerun,7,4,3,9,TIME_LIMIT,timeout,True,False,1015.858028,rerun_attempt_runtime,1015.858028,10457.545492,MaxDepthTimeout,9,4,/root/Projects/Nathan/Patch-Attack-Verification/logs/20260327/20260326_175035_ub_0p8_timeout_1000_try_02/007_adv_label_7_eran_run.log
/root/Projects/Nathan/Patch-Attack-Verification/csv/recursive_timeout_refinement_20260326_175035.csv,13,2,1,7,0,0,10,0.8,1000.0,True,False,0.5,single_label_rerun,8,5,4,9,TIME_LIMIT,timeout,True,False,1015.369916,rerun_attempt_runtime,1015.369916,10457.545492,MaxDepthTimeout,9,4,/root/Projects/Nathan/Patch-Attack-Verification/logs/20260327/20260326_175035_ub_0p8_timeout_1000_try_02/008_adv_label_7_eran_run.log
/root/Projects/Nathan/Patch-Attack-Verification/csv/recursive_timeout_refinement_20260326_175035.csv,14,2,1,0,0,0,10,0.8,5000.0,True,False,0.5,initial_all_labels,0,1,0,6,CUTOFF,verified,False,False,3.436953544616699,initial_label_local_verify_time,7989.078624,28048.771928,MaxDepthTimeout,5,4,/root/Projects/Nathan/Patch-Attack-Verification/logs/20260327/20260326_175035_ub_0p8_timeout_5000_try_03/000_all_labels_eran_run.log
/root/Projects/Nathan/Patch-Attack-Verification/csv/recursive_timeout_refinement_20260326_175035.csv,14,2,1,2,0,0,10,0.8,5000.0,True,False,0.5,initial_all_labels,0,1,0,9,TIME_LIMIT,timeout,True,False,,initial_label_local_missing,7989.078624,28048.771928,MaxDepthTimeout,5,4,/root/Projects/Nathan/Patch-Attack-Verification/logs/20260327/20260326_175035_ub_0p8_timeout_5000_try_03/000_all_labels_eran_run.log
/root/Projects/Nathan/Patch-Attack-Verification/csv/recursive_timeout_refinement_20260326_175035.csv,14,2,1,3,0,0,10,0.8,5000.0,True,False,0.5,initial_all_labels,0,1,0,6,CUTOFF,verified,False,False,195.8313000202179,initial_label_local_verify_time,7989.078624,28048.771928,MaxDepthTimeout,5,4,/root/Projects/Nathan/Patch-Attack-Verification/logs/20260327/20260326_175035_ub_0p8_timeout_5000_try_03/000_all_labels_eran_run.log
/root/Projects/Nathan/Patch-Attack-Verification/csv/recursive_timeout_refinement_20260326_175035.csv,14,2,1,4,0,0,10,0.8,5000.0,True,False,0.5,initial_all_labels,0,1,0,6,CUTOFF,verified,False,False,3.720844030380249,initial_label_local_verify_time,7989.078624,28048.771928,MaxDepthTimeout,5,4,/root/Projects/Nathan/Patch-Attack-Verification/logs/20260327/20260326_175035_ub_0p8_timeout_5000_try_03/000_all_labels_eran_run.log
/root/Projects/Nathan/Patch-Attack-Verification/csv/recursive_timeout_refinement_20260326_175035.csv,14,2,1,5,0,0,10,0.8,5000.0,True,False,0.5,initial_all_labels,0,1,0,6,CUTOFF,verified,False,False,3.4740493297576904,initial_label_local_verify_time,7989.078624,28048.771928,MaxDepthTimeout,5,4,/root/Projects/Nathan/Patch-Attack-Verification/logs/20260327/20260326_175035_ub_0p8_timeout_5000_try_03/000_all_labels_eran_run.log
/root/Projects/Nathan/Patch-Attack-Verification/csv/recursive_timeout_refinement_20260326_175035.csv,14,2,1,6,0,0,10,0.8,5000.0,True,False,0.5,initial_all_labels,0,1,0,6,CUTOFF,verified,False,False,3.7588343620300293,initial_label_local_verify_time,7989.078624,28048.771928,MaxDepthTimeout,5,4,/root/Projects/Nathan/Patch-Attack-Verification/logs/20260327/20260326_175035_ub_0p8_timeout_5000_try_03/000_all_labels_eran_run.log
/root/Projects/Nathan/Patch-Attack-Verification/csv/recursive_timeout_refinement_20260326_175035.csv,14,2,1,7,0,0,10,0.8,5000.0,True,False,0.5,initial_all_labels,0,1,0,6,CUTOFF,verified,False,False,2655.407926797867,initial_label_local_verify_time,7989.078624,28048.771928,MaxDepthTimeout,5,4,/root/Projects/Nathan/Patch-Attack-Verification/logs/20260327/20260326_175035_ub_0p8_timeout_5000_try_03/000_all_labels_eran_run.log
/root/Projects/Nathan/Patch-Attack-Verification/csv/recursive_timeout_refinement_20260326_175035.csv,14,2,1,8,0,0,10,0.8,5000.0,True,False,0.5,initial_all_labels,0,1,0,6,CUTOFF,verified,False,False,104.26169490814209,initial_label_local_verify_time,7989.078624,28048.771928,MaxDepthTimeout,5,4,/root/Projects/Nathan/Patch-Attack-Verification/logs/20260327/20260326_175035_ub_0p8_timeout_5000_try_03/000_all_labels_eran_run.log
/root/Projects/Nathan/Patch-Attack-Verification/csv/recursive_timeout_refinement_20260326_175035.csv,14,2,1,9,0,0,10,0.8,5000.0,True,False,0.5,initial_all_labels,0,1,0,6,CUTOFF,verified,False,False,4.448899984359741,initial_label_local_verify_time,7989.078624,28048.771928,MaxDepthTimeout,5,4,/root/Projects/Nathan/Patch-Attack-Verification/logs/20260327/20260326_175035_ub_0p8_timeout_5000_try_03/000_all_labels_eran_run.log
/root/Projects/Nathan/Patch-Attack-Verification/csv/recursive_timeout_refinement_20260326_175035.csv,14,2,1,2,0,0,10,0.8,5000.0,True,False,0.5,single_label_rerun,1,2,1,9,TIME_LIMIT,timeout,True,False,5014.829756,rerun_attempt_runtime,5014.829756,28048.771928,MaxDepthTimeout,5,4,/root/Projects/Nathan/Patch-Attack-Verification/logs/20260327/20260326_175035_ub_0p8_timeout_5000_try_03/001_adv_label_2_eran_run.log
/root/Projects/Nathan/Patch-Attack-Verification/csv/recursive_timeout_refinement_20260326_175035.csv,14,2,1,2,0,0,10,0.8,5000.0,True,False,0.5,single_label_rerun,2,3,2,9,TIME_LIMIT,timeout,True,False,5015.03691,rerun_attempt_runtime,5015.03691,28048.771928,MaxDepthTimeout,5,4,/root/Projects/Nathan/Patch-Attack-Verification/logs/20260327/20260326_175035_ub_0p8_timeout_5000_try_03/002_adv_label_2_eran_run.log
/root/Projects/Nathan/Patch-Attack-Verification/csv/recursive_timeout_refinement_20260326_175035.csv,14,2,1,2,0,0,10,0.8,5000.0,True,False,0.5,single_label_rerun,3,4,3,9,TIME_LIMIT,timeout,True,False,5015.188773,rerun_attempt_runtime,5015.188773,28048.771928,MaxDepthTimeout,5,4,/root/Projects/Nathan/Patch-Attack-Verification/logs/20260327/20260326_175035_ub_0p8_timeout_5000_try_03/003_adv_label_2_eran_run.log
/root/Projects/Nathan/Patch-Attack-Verification/csv/recursive_timeout_refinement_20260326_175035.csv,14,2,1,2,0,0,10,0.8,5000.0,True,False,0.5,single_label_rerun,4,5,4,9,TIME_LIMIT,timeout,True,False,5014.637865,rerun_attempt_runtime,5014.637865,28048.771928,MaxDepthTimeout,5,4,/root/Projects/Nathan/Patch-Attack-Verification/logs/20260327/20260326_175035_ub_0p8_timeout_5000_try_03/004_adv_label_2_eran_run.log
/root/Projects/Nathan/Patch-Attack-Verification/csv/recursive_timeout_refinement_20260326_175035.csv,15,2,1,0,0,0,10,0.8,10000.0,True,False,0.5,initial_all_labels,0,1,0,6,CUTOFF,verified,False,False,3.4559874534606934,initial_label_local_verify_time,12989.556974,20564.392181,Verified,2,1,/root/Projects/Nathan/Patch-Attack-Verification/logs/20260327/20260326_175035_ub_0p8_timeout_10000_try_04/000_all_labels_eran_run.log
/root/Projects/Nathan/Patch-Attack-Verification/csv/recursive_timeout_refinement_20260326_175035.csv,15,2,1,2,0,0,10,0.8,10000.0,True,False,0.5,initial_all_labels,0,1,0,9,TIME_LIMIT,timeout,True,False,,initial_label_local_missing,12989.556974,20564.392181,Verified,2,1,/root/Projects/Nathan/Patch-Attack-Verification/logs/20260327/20260326_175035_ub_0p8_timeout_10000_try_04/000_all_labels_eran_run.log
/root/Projects/Nathan/Patch-Attack-Verification/csv/recursive_timeout_refinement_20260326_175035.csv,15,2,1,3,0,0,10,0.8,10000.0,True,False,0.5,initial_all_labels,0,1,0,6,CUTOFF,verified,False,False,195.26161336898804,initial_label_local_verify_time,12989.556974,20564.392181,Verified,2,1,/root/Projects/Nathan/Patch-Attack-Verification/logs/20260327/20260326_175035_ub_0p8_timeout_10000_try_04/000_all_labels_eran_run.log
/root/Projects/Nathan/Patch-Attack-Verification/csv/recursive_timeout_refinement_20260326_175035.csv,15,2,1,4,0,0,10,0.8,10000.0,True,False,0.5,initial_all_labels,0,1,0,6,CUTOFF,verified,False,False,4.2320122718811035,initial_label_local_verify_time,12989.556974,20564.392181,Verified,2,1,/root/Projects/Nathan/Patch-Attack-Verification/logs/20260327/20260326_175035_ub_0p8_timeout_10000_try_04/000_all_labels_eran_run.log
/root/Projects/Nathan/Patch-Attack-Verification/csv/recursive_timeout_refinement_20260326_175035.csv,15,2,1,5,0,0,10,0.8,10000.0,True,False,0.5,initial_all_labels,0,1,0,6,CUTOFF,verified,False,False,3.4981911182403564,initial_label_local_verify_time,12989.556974,20564.392181,Verified,2,1,/root/Projects/Nathan/Patch-Attack-Verification/logs/20260327/20260326_175035_ub_0p8_timeout_10000_try_04/000_all_labels_eran_run.log
/root/Projects/Nathan/Patch-Attack-Verification/csv/recursive_timeout_refinement_20260326_175035.csv,15,2,1,6,0,0,10,0.8,10000.0,True,False,0.5,initial_all_labels,0,1,0,6,CUTOFF,verified,False,False,3.7593491077423096,initial_label_local_verify_time,12989.556974,20564.392181,Verified,2,1,/root/Projects/Nathan/Patch-Attack-Verification/logs/20260327/20260326_175035_ub_0p8_timeout_10000_try_04/000_all_labels_eran_run.log
/root/Projects/Nathan/Patch-Attack-Verification/csv/recursive_timeout_refinement_20260326_175035.csv,15,2,1,7,0,0,10,0.8,10000.0,True,False,0.5,initial_all_labels,0,1,0,6,CUTOFF,verified,False,False,2655.226397752762,initial_label_local_verify_time,12989.556974,20564.392181,Verified,2,1,/root/Projects/Nathan/Patch-Attack-Verification/logs/20260327/20260326_175035_ub_0p8_timeout_10000_try_04/000_all_labels_eran_run.log
/root/Projects/Nathan/Patch-Attack-Verification/csv/recursive_timeout_refinement_20260326_175035.csv,15,2,1,8,0,0,10,0.8,10000.0,True,False,0.5,initial_all_labels,0,1,0,6,CUTOFF,verified,False,False,104.77773666381836,initial_label_local_verify_time,12989.556974,20564.392181,Verified,2,1,/root/Projects/Nathan/Patch-Attack-Verification/logs/20260327/20260326_175035_ub_0p8_timeout_10000_try_04/000_all_labels_eran_run.log
/root/Projects/Nathan/Patch-Attack-Verification/csv/recursive_timeout_refinement_20260326_175035.csv,15,2,1,9,0,0,10,0.8,10000.0,True,False,0.5,initial_all_labels,0,1,0,6,CUTOFF,verified,False,False,4.664714097976685,initial_label_local_verify_time,12989.556974,20564.392181,Verified,2,1,/root/Projects/Nathan/Patch-Attack-Verification/logs/20260327/20260326_175035_ub_0p8_timeout_10000_try_04/000_all_labels_eran_run.log
/root/Projects/Nathan/Patch-Attack-Verification/csv/recursive_timeout_refinement_20260326_175035.csv,15,2,1,2,0,0,10,0.8,10000.0,True,False,0.5,single_label_rerun,1,2,1,6,CUTOFF,verified,False,False,7574.835207,rerun_attempt_runtime,7574.835207,20564.392181,Verified,2,1,/root/Projects/Nathan/Patch-Attack-Verification/logs/20260327/20260326_175035_ub_0p8_timeout_10000_try_04/001_adv_label_2_eran_run.log
