image_index,true_label,adv_label,patch_x,patch_y,patch_size,upper_bound,timeout_milp_s,add_bool_constraints,use_refine_poly,middle_bound,run_scope,global_attempt_index,label_attempt_index,current_depth,status_code,status_name,final_outcome,is_timeout,is_adversarial_found,iteration_runtime_seconds,iteration_runtime_source,attempt_runtime_seconds,parent_total_run_time_seconds,parent_status,parent_attempt_count,parent_max_depth_reached,log_path
2,1,0,0,0,10,0.7,10.0,True,False,0.5,initial_all_labels,0,1,0,11,INTERRUPTED,verified,False,False,0.8393921852111816,initial_label_local_verify_time,56.430443,1949.389345,Verified,3,1,/root/Projects/Nathan/Patch-Attack-Verification/logs/20260407/20260407_091932_run_01_ub_0p7_timeouts_10_72000/000_all_labels_eran_run.log
2,1,2,0,0,10,0.7,10.0,True,False,0.5,initial_all_labels,0,1,0,9,TIME_LIMIT,timeout,True,False,,initial_label_local_missing,56.430443,1949.389345,Verified,3,1,/root/Projects/Nathan/Patch-Attack-Verification/logs/20260407/20260407_091932_run_01_ub_0p7_timeouts_10_72000/000_all_labels_eran_run.log
2,1,3,0,0,10,0.7,10.0,True,False,0.5,initial_all_labels,0,1,0,6,CUTOFF,verified,False,False,3.5344104766845703,initial_label_local_verify_time,56.430443,1949.389345,Verified,3,1,/root/Projects/Nathan/Patch-Attack-Verification/logs/20260407/20260407_091932_run_01_ub_0p7_timeouts_10_72000/000_all_labels_eran_run.log
2,1,4,0,0,10,0.7,10.0,True,False,0.5,initial_all_labels,0,1,0,6,CUTOFF,verified,False,False,3.362300395965576,initial_label_local_verify_time,56.430443,1949.389345,Verified,3,1,/root/Projects/Nathan/Patch-Attack-Verification/logs/20260407/20260407_091932_run_01_ub_0p7_timeouts_10_72000/000_all_labels_eran_run.log
2,1,5,0,0,10,0.7,10.0,True,False,0.5,initial_all_labels,0,1,0,6,CUTOFF,verified,False,False,3.310447931289673,initial_label_local_verify_time,56.430443,1949.389345,Verified,3,1,/root/Projects/Nathan/Patch-Attack-Verification/logs/20260407/20260407_091932_run_01_ub_0p7_timeouts_10_72000/000_all_labels_eran_run.log
2,1,6,0,0,10,0.7,10.0,True,False,0.5,initial_all_labels,0,1,0,6,CUTOFF,verified,False,False,3.398526906967163,initial_label_local_verify_time,56.430443,1949.389345,Verified,3,1,/root/Projects/Nathan/Patch-Attack-Verification/logs/20260407/20260407_091932_run_01_ub_0p7_timeouts_10_72000/000_all_labels_eran_run.log
2,1,7,0,0,10,0.7,10.0,True,False,0.5,initial_all_labels,0,1,0,9,TIME_LIMIT,timeout,True,False,,initial_label_local_missing,56.430443,1949.389345,Verified,3,1,/root/Projects/Nathan/Patch-Attack-Verification/logs/20260407/20260407_091932_run_01_ub_0p7_timeouts_10_72000/000_all_labels_eran_run.log
2,1,8,0,0,10,0.7,10.0,True,False,0.5,initial_all_labels,0,1,0,6,CUTOFF,verified,False,False,4.14776349067688,initial_label_local_verify_time,56.430443,1949.389345,Verified,3,1,/root/Projects/Nathan/Patch-Attack-Verification/logs/20260407/20260407_091932_run_01_ub_0p7_timeouts_10_72000/000_all_labels_eran_run.log
2,1,9,0,0,10,0.7,10.0,True,False,0.5,initial_all_labels,0,1,0,6,CUTOFF,verified,False,False,3.150313377380371,initial_label_local_verify_time,56.430443,1949.389345,Verified,3,1,/root/Projects/Nathan/Patch-Attack-Verification/logs/20260407/20260407_091932_run_01_ub_0p7_timeouts_10_72000/000_all_labels_eran_run.log
2,1,2,0,0,10,0.7,72000.0,True,False,0.5,single_label_rerun,1,2,1,6,CUTOFF,verified,False,False,281.629893,rerun_attempt_runtime,281.629893,1949.389345,Verified,3,1,/root/Projects/Nathan/Patch-Attack-Verification/logs/20260407/20260407_091932_run_01_ub_0p7_timeouts_10_72000/001_adv_label_2_eran_run.log
2,1,7,0,0,10,0.7,72000.0,True,False,0.5,single_label_rerun,2,2,1,6,CUTOFF,verified,False,False,1611.329009,rerun_attempt_runtime,1611.329009,1949.389345,Verified,3,1,/root/Projects/Nathan/Patch-Attack-Verification/logs/20260407/20260407_091932_run_01_ub_0p7_timeouts_10_72000/002_adv_label_7_eran_run.log
2,1,0,0,0,10,0.7,10.0,True,False,0.5,initial_all_labels,0,1,0,11,INTERRUPTED,verified,False,False,0.8218715190887451,initial_label_local_verify_time,55.305077,483.931757,Verified,5,2,/root/Projects/Nathan/Patch-Attack-Verification/logs/20260407/20260407_091932_run_02_ub_0p7_timeouts_10_10_72000/000_all_labels_eran_run.log
2,1,2,0,0,10,0.7,10.0,True,False,0.5,initial_all_labels,0,1,0,9,TIME_LIMIT,timeout,True,False,,initial_label_local_missing,55.305077,483.931757,Verified,5,2,/root/Projects/Nathan/Patch-Attack-Verification/logs/20260407/20260407_091932_run_02_ub_0p7_timeouts_10_10_72000/000_all_labels_eran_run.log
2,1,3,0,0,10,0.7,10.0,True,False,0.5,initial_all_labels,0,1,0,6,CUTOFF,verified,False,False,3.29364013671875,initial_label_local_verify_time,55.305077,483.931757,Verified,5,2,/root/Projects/Nathan/Patch-Attack-Verification/logs/20260407/20260407_091932_run_02_ub_0p7_timeouts_10_10_72000/000_all_labels_eran_run.log
2,1,4,0,0,10,0.7,10.0,True,False,0.5,initial_all_labels,0,1,0,6,CUTOFF,verified,False,False,3.1220123767852783,initial_label_local_verify_time,55.305077,483.931757,Verified,5,2,/root/Projects/Nathan/Patch-Attack-Verification/logs/20260407/20260407_091932_run_02_ub_0p7_timeouts_10_10_72000/000_all_labels_eran_run.log
2,1,5,0,0,10,0.7,10.0,True,False,0.5,initial_all_labels,0,1,0,6,CUTOFF,verified,False,False,3.195091724395752,initial_label_local_verify_time,55.305077,483.931757,Verified,5,2,/root/Projects/Nathan/Patch-Attack-Verification/logs/20260407/20260407_091932_run_02_ub_0p7_timeouts_10_10_72000/000_all_labels_eran_run.log
2,1,6,0,0,10,0.7,10.0,True,False,0.5,initial_all_labels,0,1,0,6,CUTOFF,verified,False,False,3.28608775138855,initial_label_local_verify_time,55.305077,483.931757,Verified,5,2,/root/Projects/Nathan/Patch-Attack-Verification/logs/20260407/20260407_091932_run_02_ub_0p7_timeouts_10_10_72000/000_all_labels_eran_run.log
2,1,7,0,0,10,0.7,10.0,True,False,0.5,initial_all_labels,0,1,0,9,TIME_LIMIT,timeout,True,False,,initial_label_local_missing,55.305077,483.931757,Verified,5,2,/root/Projects/Nathan/Patch-Attack-Verification/logs/20260407/20260407_091932_run_02_ub_0p7_timeouts_10_10_72000/000_all_labels_eran_run.log
2,1,8,0,0,10,0.7,10.0,True,False,0.5,initial_all_labels,0,1,0,6,CUTOFF,verified,False,False,4.106732130050659,initial_label_local_verify_time,55.305077,483.931757,Verified,5,2,/root/Projects/Nathan/Patch-Attack-Verification/logs/20260407/20260407_091932_run_02_ub_0p7_timeouts_10_10_72000/000_all_labels_eran_run.log
2,1,9,0,0,10,0.7,10.0,True,False,0.5,initial_all_labels,0,1,0,6,CUTOFF,verified,False,False,3.0244357585906982,initial_label_local_verify_time,55.305077,483.931757,Verified,5,2,/root/Projects/Nathan/Patch-Attack-Verification/logs/20260407/20260407_091932_run_02_ub_0p7_timeouts_10_10_72000/000_all_labels_eran_run.log
2,1,2,0,0,10,0.7,10.0,True,False,0.5,single_label_rerun,1,2,1,9,TIME_LIMIT,timeout,True,False,22.252814,rerun_attempt_runtime,22.252814,483.931757,Verified,5,2,/root/Projects/Nathan/Patch-Attack-Verification/logs/20260407/20260407_091932_run_02_ub_0p7_timeouts_10_10_72000/001_adv_label_2_eran_run.log
2,1,2,0,0,10,0.7,72000.0,True,False,0.5,single_label_rerun,2,3,2,6,CUTOFF,verified,False,False,261.430559,rerun_attempt_runtime,261.430559,483.931757,Verified,5,2,/root/Projects/Nathan/Patch-Attack-Verification/logs/20260407/20260407_091932_run_02_ub_0p7_timeouts_10_10_72000/002_adv_label_2_eran_run.log
2,1,7,0,0,10,0.7,10.0,True,False,0.5,single_label_rerun,3,2,1,9,TIME_LIMIT,timeout,True,False,21.950694,rerun_attempt_runtime,21.950694,483.931757,Verified,5,2,/root/Projects/Nathan/Patch-Attack-Verification/logs/20260407/20260407_091932_run_02_ub_0p7_timeouts_10_10_72000/003_adv_label_7_eran_run.log
2,1,7,0,0,10,0.7,72000.0,True,False,0.5,single_label_rerun,4,3,2,6,CUTOFF,verified,False,False,122.992613,rerun_attempt_runtime,122.992613,483.931757,Verified,5,2,/root/Projects/Nathan/Patch-Attack-Verification/logs/20260407/20260407_091932_run_02_ub_0p7_timeouts_10_10_72000/004_adv_label_7_eran_run.log
2,1,0,0,0,10,0.7,10.0,True,False,0.5,initial_all_labels,0,1,0,11,INTERRUPTED,verified,False,False,0.8166842460632324,initial_label_local_verify_time,55.580102,519.858497,Verified,7,3,/root/Projects/Nathan/Patch-Attack-Verification/logs/20260407/20260407_091932_run_03_ub_0p7_timeouts_10_10_10_72000/000_all_labels_eran_run.log
2,1,2,0,0,10,0.7,10.0,True,False,0.5,initial_all_labels,0,1,0,9,TIME_LIMIT,timeout,True,False,,initial_label_local_missing,55.580102,519.858497,Verified,7,3,/root/Projects/Nathan/Patch-Attack-Verification/logs/20260407/20260407_091932_run_03_ub_0p7_timeouts_10_10_10_72000/000_all_labels_eran_run.log
2,1,3,0,0,10,0.7,10.0,True,False,0.5,initial_all_labels,0,1,0,6,CUTOFF,verified,False,False,3.313530921936035,initial_label_local_verify_time,55.580102,519.858497,Verified,7,3,/root/Projects/Nathan/Patch-Attack-Verification/logs/20260407/20260407_091932_run_03_ub_0p7_timeouts_10_10_10_72000/000_all_labels_eran_run.log
2,1,4,0,0,10,0.7,10.0,True,False,0.5,initial_all_labels,0,1,0,6,CUTOFF,verified,False,False,3.1200833320617676,initial_label_local_verify_time,55.580102,519.858497,Verified,7,3,/root/Projects/Nathan/Patch-Attack-Verification/logs/20260407/20260407_091932_run_03_ub_0p7_timeouts_10_10_10_72000/000_all_labels_eran_run.log
2,1,5,0,0,10,0.7,10.0,True,False,0.5,initial_all_labels,0,1,0,6,CUTOFF,verified,False,False,3.2283835411071777,initial_label_local_verify_time,55.580102,519.858497,Verified,7,3,/root/Projects/Nathan/Patch-Attack-Verification/logs/20260407/20260407_091932_run_03_ub_0p7_timeouts_10_10_10_72000/000_all_labels_eran_run.log
2,1,6,0,0,10,0.7,10.0,True,False,0.5,initial_all_labels,0,1,0,6,CUTOFF,verified,False,False,3.248385429382324,initial_label_local_verify_time,55.580102,519.858497,Verified,7,3,/root/Projects/Nathan/Patch-Attack-Verification/logs/20260407/20260407_091932_run_03_ub_0p7_timeouts_10_10_10_72000/000_all_labels_eran_run.log
2,1,7,0,0,10,0.7,10.0,True,False,0.5,initial_all_labels,0,1,0,9,TIME_LIMIT,timeout,True,False,,initial_label_local_missing,55.580102,519.858497,Verified,7,3,/root/Projects/Nathan/Patch-Attack-Verification/logs/20260407/20260407_091932_run_03_ub_0p7_timeouts_10_10_10_72000/000_all_labels_eran_run.log
2,1,8,0,0,10,0.7,10.0,True,False,0.5,initial_all_labels,0,1,0,6,CUTOFF,verified,False,False,4.101428508758545,initial_label_local_verify_time,55.580102,519.858497,Verified,7,3,/root/Projects/Nathan/Patch-Attack-Verification/logs/20260407/20260407_091932_run_03_ub_0p7_timeouts_10_10_10_72000/000_all_labels_eran_run.log
2,1,9,0,0,10,0.7,10.0,True,False,0.5,initial_all_labels,0,1,0,6,CUTOFF,verified,False,False,3.1676909923553467,initial_label_local_verify_time,55.580102,519.858497,Verified,7,3,/root/Projects/Nathan/Patch-Attack-Verification/logs/20260407/20260407_091932_run_03_ub_0p7_timeouts_10_10_10_72000/000_all_labels_eran_run.log
2,1,2,0,0,10,0.7,10.0,True,False,0.5,single_label_rerun,1,2,1,9,TIME_LIMIT,timeout,True,False,22.266893,rerun_attempt_runtime,22.266893,519.858497,Verified,7,3,/root/Projects/Nathan/Patch-Attack-Verification/logs/20260407/20260407_091932_run_03_ub_0p7_timeouts_10_10_10_72000/001_adv_label_2_eran_run.log
2,1,2,0,0,10,0.7,10.0,True,False,0.5,single_label_rerun,2,3,2,9,TIME_LIMIT,timeout,True,False,21.934906,rerun_attempt_runtime,21.934906,519.858497,Verified,7,3,/root/Projects/Nathan/Patch-Attack-Verification/logs/20260407/20260407_091932_run_03_ub_0p7_timeouts_10_10_10_72000/002_adv_label_2_eran_run.log
2,1,2,0,0,10,0.7,72000.0,True,False,0.5,single_label_rerun,3,4,3,6,CUTOFF,verified,False,False,216.75554,rerun_attempt_runtime,216.75554,519.858497,Verified,7,3,/root/Projects/Nathan/Patch-Attack-Verification/logs/20260407/20260407_091932_run_03_ub_0p7_timeouts_10_10_10_72000/003_adv_label_2_eran_run.log
2,1,7,0,0,10,0.7,10.0,True,False,0.5,single_label_rerun,4,2,1,9,TIME_LIMIT,timeout,True,False,22.396075,rerun_attempt_runtime,22.396075,519.858497,Verified,7,3,/root/Projects/Nathan/Patch-Attack-Verification/logs/20260407/20260407_091932_run_03_ub_0p7_timeouts_10_10_10_72000/004_adv_label_7_eran_run.log
2,1,7,0,0,10,0.7,10.0,True,False,0.5,single_label_rerun,5,3,2,9,TIME_LIMIT,timeout,True,False,22.013104,rerun_attempt_runtime,22.013104,519.858497,Verified,7,3,/root/Projects/Nathan/Patch-Attack-Verification/logs/20260407/20260407_091932_run_03_ub_0p7_timeouts_10_10_10_72000/005_adv_label_7_eran_run.log
2,1,7,0,0,10,0.7,72000.0,True,False,0.5,single_label_rerun,6,4,3,6,CUTOFF,verified,False,False,158.911877,rerun_attempt_runtime,158.911877,519.858497,Verified,7,3,/root/Projects/Nathan/Patch-Attack-Verification/logs/20260407/20260407_091932_run_03_ub_0p7_timeouts_10_10_10_72000/006_adv_label_7_eran_run.log
2,1,0,0,0,10,0.7,10.0,True,False,0.5,initial_all_labels,0,1,0,11,INTERRUPTED,verified,False,False,0.8149909973144531,initial_label_local_verify_time,55.355317,584.455956,Verified,9,4,/root/Projects/Nathan/Patch-Attack-Verification/logs/20260407/20260407_091932_run_04_ub_0p7_timeouts_10_10_10_10_72000/000_all_labels_eran_run.log
2,1,2,0,0,10,0.7,10.0,True,False,0.5,initial_all_labels,0,1,0,9,TIME_LIMIT,timeout,True,False,,initial_label_local_missing,55.355317,584.455956,Verified,9,4,/root/Projects/Nathan/Patch-Attack-Verification/logs/20260407/20260407_091932_run_04_ub_0p7_timeouts_10_10_10_10_72000/000_all_labels_eran_run.log
2,1,3,0,0,10,0.7,10.0,True,False,0.5,initial_all_labels,0,1,0,6,CUTOFF,verified,False,False,3.3539822101593018,initial_label_local_verify_time,55.355317,584.455956,Verified,9,4,/root/Projects/Nathan/Patch-Attack-Verification/logs/20260407/20260407_091932_run_04_ub_0p7_timeouts_10_10_10_10_72000/000_all_labels_eran_run.log
2,1,4,0,0,10,0.7,10.0,True,False,0.5,initial_all_labels,0,1,0,6,CUTOFF,verified,False,False,3.1971850395202637,initial_label_local_verify_time,55.355317,584.455956,Verified,9,4,/root/Projects/Nathan/Patch-Attack-Verification/logs/20260407/20260407_091932_run_04_ub_0p7_timeouts_10_10_10_10_72000/000_all_labels_eran_run.log
2,1,5,0,0,10,0.7,10.0,True,False,0.5,initial_all_labels,0,1,0,6,CUTOFF,verified,False,False,3.2580201625823975,initial_label_local_verify_time,55.355317,584.455956,Verified,9,4,/root/Projects/Nathan/Patch-Attack-Verification/logs/20260407/20260407_091932_run_04_ub_0p7_timeouts_10_10_10_10_72000/000_all_labels_eran_run.log
2,1,6,0,0,10,0.7,10.0,True,False,0.5,initial_all_labels,0,1,0,6,CUTOFF,verified,False,False,3.3506386280059814,initial_label_local_verify_time,55.355317,584.455956,Verified,9,4,/root/Projects/Nathan/Patch-Attack-Verification/logs/20260407/20260407_091932_run_04_ub_0p7_timeouts_10_10_10_10_72000/000_all_labels_eran_run.log
2,1,7,0,0,10,0.7,10.0,True,False,0.5,initial_all_labels,0,1,0,9,TIME_LIMIT,timeout,True,False,,initial_label_local_missing,55.355317,584.455956,Verified,9,4,/root/Projects/Nathan/Patch-Attack-Verification/logs/20260407/20260407_091932_run_04_ub_0p7_timeouts_10_10_10_10_72000/000_all_labels_eran_run.log
2,1,8,0,0,10,0.7,10.0,True,False,0.5,initial_all_labels,0,1,0,6,CUTOFF,verified,False,False,4.1770923137664795,initial_label_local_verify_time,55.355317,584.455956,Verified,9,4,/root/Projects/Nathan/Patch-Attack-Verification/logs/20260407/20260407_091932_run_04_ub_0p7_timeouts_10_10_10_10_72000/000_all_labels_eran_run.log
2,1,9,0,0,10,0.7,10.0,True,False,0.5,initial_all_labels,0,1,0,6,CUTOFF,verified,False,False,3.143458366394043,initial_label_local_verify_time,55.355317,584.455956,Verified,9,4,/root/Projects/Nathan/Patch-Attack-Verification/logs/20260407/20260407_091932_run_04_ub_0p7_timeouts_10_10_10_10_72000/000_all_labels_eran_run.log
2,1,2,0,0,10,0.7,10.0,True,False,0.5,single_label_rerun,1,2,1,9,TIME_LIMIT,timeout,True,False,22.326903,rerun_attempt_runtime,22.326903,584.455956,Verified,9,4,/root/Projects/Nathan/Patch-Attack-Verification/logs/20260407/20260407_091932_run_04_ub_0p7_timeouts_10_10_10_10_72000/001_adv_label_2_eran_run.log
2,1,2,0,0,10,0.7,10.0,True,False,0.5,single_label_rerun,2,3,2,9,TIME_LIMIT,timeout,True,False,21.986714,rerun_attempt_runtime,21.986714,584.455956,Verified,9,4,/root/Projects/Nathan/Patch-Attack-Verification/logs/20260407/20260407_091932_run_04_ub_0p7_timeouts_10_10_10_10_72000/002_adv_label_2_eran_run.log
2,1,2,0,0,10,0.7,10.0,True,False,0.5,single_label_rerun,3,4,3,9,TIME_LIMIT,timeout,True,False,22.651672,rerun_attempt_runtime,22.651672,584.455956,Verified,9,4,/root/Projects/Nathan/Patch-Attack-Verification/logs/20260407/20260407_091932_run_04_ub_0p7_timeouts_10_10_10_10_72000/003_adv_label_2_eran_run.log
2,1,2,0,0,10,0.7,72000.0,True,False,0.5,single_label_rerun,4,5,4,6,CUTOFF,verified,False,False,251.032846,rerun_attempt_runtime,251.032846,584.455956,Verified,9,4,/root/Projects/Nathan/Patch-Attack-Verification/logs/20260407/20260407_091932_run_04_ub_0p7_timeouts_10_10_10_10_72000/004_adv_label_2_eran_run.log
2,1,7,0,0,10,0.7,10.0,True,False,0.5,single_label_rerun,5,2,1,9,TIME_LIMIT,timeout,True,False,21.986828,rerun_attempt_runtime,21.986828,584.455956,Verified,9,4,/root/Projects/Nathan/Patch-Attack-Verification/logs/20260407/20260407_091932_run_04_ub_0p7_timeouts_10_10_10_10_72000/005_adv_label_7_eran_run.log
2,1,7,0,0,10,0.7,10.0,True,False,0.5,single_label_rerun,6,3,2,9,TIME_LIMIT,timeout,True,False,22.184606,rerun_attempt_runtime,22.184606,584.455956,Verified,9,4,/root/Projects/Nathan/Patch-Attack-Verification/logs/20260407/20260407_091932_run_04_ub_0p7_timeouts_10_10_10_10_72000/006_adv_label_7_eran_run.log
2,1,7,0,0,10,0.7,10.0,True,False,0.5,single_label_rerun,7,4,3,9,TIME_LIMIT,timeout,True,False,22.298111,rerun_attempt_runtime,22.298111,584.455956,Verified,9,4,/root/Projects/Nathan/Patch-Attack-Verification/logs/20260407/20260407_091932_run_04_ub_0p7_timeouts_10_10_10_10_72000/007_adv_label_7_eran_run.log
2,1,7,0,0,10,0.7,72000.0,True,False,0.5,single_label_rerun,8,5,4,6,CUTOFF,verified,False,False,144.632959,rerun_attempt_runtime,144.632959,584.455956,Verified,9,4,/root/Projects/Nathan/Patch-Attack-Verification/logs/20260407/20260407_091932_run_04_ub_0p7_timeouts_10_10_10_10_72000/008_adv_label_7_eran_run.log
2,1,0,0,0,10,0.75,10.0,True,False,0.5,initial_all_labels,0,1,0,11,INTERRUPTED,verified,False,False,0.8468313217163086,initial_label_local_verify_time,67.678933,5134.267736,Verified,4,1,/root/Projects/Nathan/Patch-Attack-Verification/logs/20260407/20260407_091932_run_05_ub_0p75_timeouts_10_72000/000_all_labels_eran_run.log
2,1,2,0,0,10,0.75,10.0,True,False,0.5,initial_all_labels,0,1,0,9,TIME_LIMIT,timeout,True,False,,initial_label_local_missing,67.678933,5134.267736,Verified,4,1,/root/Projects/Nathan/Patch-Attack-Verification/logs/20260407/20260407_091932_run_05_ub_0p75_timeouts_10_72000/000_all_labels_eran_run.log
2,1,3,0,0,10,0.75,10.0,True,False,0.5,initial_all_labels,0,1,0,9,TIME_LIMIT,timeout,True,False,,initial_label_local_missing,67.678933,5134.267736,Verified,4,1,/root/Projects/Nathan/Patch-Attack-Verification/logs/20260407/20260407_091932_run_05_ub_0p75_timeouts_10_72000/000_all_labels_eran_run.log
2,1,4,0,0,10,0.75,10.0,True,False,0.5,initial_all_labels,0,1,0,6,CUTOFF,verified,False,False,3.4336109161376953,initial_label_local_verify_time,67.678933,5134.267736,Verified,4,1,/root/Projects/Nathan/Patch-Attack-Verification/logs/20260407/20260407_091932_run_05_ub_0p75_timeouts_10_72000/000_all_labels_eran_run.log
2,1,5,0,0,10,0.75,10.0,True,False,0.5,initial_all_labels,0,1,0,6,CUTOFF,verified,False,False,3.817877769470215,initial_label_local_verify_time,67.678933,5134.267736,Verified,4,1,/root/Projects/Nathan/Patch-Attack-Verification/logs/20260407/20260407_091932_run_05_ub_0p75_timeouts_10_72000/000_all_labels_eran_run.log
2,1,6,0,0,10,0.75,10.0,True,False,0.5,initial_all_labels,0,1,0,6,CUTOFF,verified,False,False,3.392883062362671,initial_label_local_verify_time,67.678933,5134.267736,Verified,4,1,/root/Projects/Nathan/Patch-Attack-Verification/logs/20260407/20260407_091932_run_05_ub_0p75_timeouts_10_72000/000_all_labels_eran_run.log
2,1,7,0,0,10,0.75,10.0,True,False,0.5,initial_all_labels,0,1,0,9,TIME_LIMIT,timeout,True,False,,initial_label_local_missing,67.678933,5134.267736,Verified,4,1,/root/Projects/Nathan/Patch-Attack-Verification/logs/20260407/20260407_091932_run_05_ub_0p75_timeouts_10_72000/000_all_labels_eran_run.log
2,1,8,0,0,10,0.75,10.0,True,False,0.5,initial_all_labels,0,1,0,6,CUTOFF,verified,False,False,4.692230463027954,initial_label_local_verify_time,67.678933,5134.267736,Verified,4,1,/root/Projects/Nathan/Patch-Attack-Verification/logs/20260407/20260407_091932_run_05_ub_0p75_timeouts_10_72000/000_all_labels_eran_run.log
2,1,9,0,0,10,0.75,10.0,True,False,0.5,initial_all_labels,0,1,0,6,CUTOFF,verified,False,False,3.695613145828247,initial_label_local_verify_time,67.678933,5134.267736,Verified,4,1,/root/Projects/Nathan/Patch-Attack-Verification/logs/20260407/20260407_091932_run_05_ub_0p75_timeouts_10_72000/000_all_labels_eran_run.log
2,1,2,0,0,10,0.75,72000.0,True,False,0.5,single_label_rerun,1,2,1,6,CUTOFF,verified,False,False,3490.748222,rerun_attempt_runtime,3490.748222,5134.267736,Verified,4,1,/root/Projects/Nathan/Patch-Attack-Verification/logs/20260407/20260407_091932_run_05_ub_0p75_timeouts_10_72000/001_adv_label_2_eran_run.log
2,1,3,0,0,10,0.75,72000.0,True,False,0.5,single_label_rerun,2,2,1,6,CUTOFF,verified,False,False,42.284372,rerun_attempt_runtime,42.284372,5134.267736,Verified,4,1,/root/Projects/Nathan/Patch-Attack-Verification/logs/20260407/20260407_091932_run_05_ub_0p75_timeouts_10_72000/002_adv_label_3_eran_run.log
2,1,7,0,0,10,0.75,72000.0,True,False,0.5,single_label_rerun,3,2,1,6,CUTOFF,verified,False,False,1533.556209,rerun_attempt_runtime,1533.556209,5134.267736,Verified,4,1,/root/Projects/Nathan/Patch-Attack-Verification/logs/20260407/20260407_091932_run_05_ub_0p75_timeouts_10_72000/003_adv_label_7_eran_run.log
2,1,0,0,0,10,0.75,10.0,True,False,0.5,initial_all_labels,0,1,0,11,INTERRUPTED,verified,False,False,0.8164293766021729,initial_label_local_verify_time,67.669195,8050.722612,Verified,7,2,/root/Projects/Nathan/Patch-Attack-Verification/logs/20260407/20260407_091932_run_06_ub_0p75_timeouts_10_10_72000/000_all_labels_eran_run.log
2,1,2,0,0,10,0.75,10.0,True,False,0.5,initial_all_labels,0,1,0,9,TIME_LIMIT,timeout,True,False,,initial_label_local_missing,67.669195,8050.722612,Verified,7,2,/root/Projects/Nathan/Patch-Attack-Verification/logs/20260407/20260407_091932_run_06_ub_0p75_timeouts_10_10_72000/000_all_labels_eran_run.log
2,1,3,0,0,10,0.75,10.0,True,False,0.5,initial_all_labels,0,1,0,9,TIME_LIMIT,timeout,True,False,,initial_label_local_missing,67.669195,8050.722612,Verified,7,2,/root/Projects/Nathan/Patch-Attack-Verification/logs/20260407/20260407_091932_run_06_ub_0p75_timeouts_10_10_72000/000_all_labels_eran_run.log
2,1,4,0,0,10,0.75,10.0,True,False,0.5,initial_all_labels,0,1,0,6,CUTOFF,verified,False,False,3.445531129837036,initial_label_local_verify_time,67.669195,8050.722612,Verified,7,2,/root/Projects/Nathan/Patch-Attack-Verification/logs/20260407/20260407_091932_run_06_ub_0p75_timeouts_10_10_72000/000_all_labels_eran_run.log
2,1,5,0,0,10,0.75,10.0,True,False,0.5,initial_all_labels,0,1,0,6,CUTOFF,verified,False,False,3.842480421066284,initial_label_local_verify_time,67.669195,8050.722612,Verified,7,2,/root/Projects/Nathan/Patch-Attack-Verification/logs/20260407/20260407_091932_run_06_ub_0p75_timeouts_10_10_72000/000_all_labels_eran_run.log
2,1,6,0,0,10,0.75,10.0,True,False,0.5,initial_all_labels,0,1,0,6,CUTOFF,verified,False,False,3.3770244121551514,initial_label_local_verify_time,67.669195,8050.722612,Verified,7,2,/root/Projects/Nathan/Patch-Attack-Verification/logs/20260407/20260407_091932_run_06_ub_0p75_timeouts_10_10_72000/000_all_labels_eran_run.log
2,1,7,0,0,10,0.75,10.0,True,False,0.5,initial_all_labels,0,1,0,9,TIME_LIMIT,timeout,True,False,,initial_label_local_missing,67.669195,8050.722612,Verified,7,2,/root/Projects/Nathan/Patch-Attack-Verification/logs/20260407/20260407_091932_run_06_ub_0p75_timeouts_10_10_72000/000_all_labels_eran_run.log
2,1,8,0,0,10,0.75,10.0,True,False,0.5,initial_all_labels,0,1,0,6,CUTOFF,verified,False,False,4.83469295501709,initial_label_local_verify_time,67.669195,8050.722612,Verified,7,2,/root/Projects/Nathan/Patch-Attack-Verification/logs/20260407/20260407_091932_run_06_ub_0p75_timeouts_10_10_72000/000_all_labels_eran_run.log
2,1,9,0,0,10,0.75,10.0,True,False,0.5,initial_all_labels,0,1,0,6,CUTOFF,verified,False,False,3.7268595695495605,initial_label_local_verify_time,67.669195,8050.722612,Verified,7,2,/root/Projects/Nathan/Patch-Attack-Verification/logs/20260407/20260407_091932_run_06_ub_0p75_timeouts_10_10_72000/000_all_labels_eran_run.log
2,1,2,0,0,10,0.75,10.0,True,False,0.5,single_label_rerun,1,2,1,9,TIME_LIMIT,timeout,True,False,23.422572,rerun_attempt_runtime,23.422572,8050.722612,Verified,7,2,/root/Projects/Nathan/Patch-Attack-Verification/logs/20260407/20260407_091932_run_06_ub_0p75_timeouts_10_10_72000/001_adv_label_2_eran_run.log
2,1,2,0,0,10,0.75,72000.0,True,False,0.5,single_label_rerun,2,3,2,6,CUTOFF,verified,False,False,4585.973878,rerun_attempt_runtime,4585.973878,8050.722612,Verified,7,2,/root/Projects/Nathan/Patch-Attack-Verification/logs/20260407/20260407_091932_run_06_ub_0p75_timeouts_10_10_72000/002_adv_label_2_eran_run.log
2,1,3,0,0,10,0.75,10.0,True,False,0.5,single_label_rerun,3,2,1,9,TIME_LIMIT,timeout,True,False,23.592713,rerun_attempt_runtime,23.592713,8050.722612,Verified,7,2,/root/Projects/Nathan/Patch-Attack-Verification/logs/20260407/20260407_091932_run_06_ub_0p75_timeouts_10_10_72000/003_adv_label_3_eran_run.log
2,1,3,0,0,10,0.75,72000.0,True,False,0.5,single_label_rerun,4,3,2,6,CUTOFF,verified,False,False,37.673574,rerun_attempt_runtime,37.673574,8050.722612,Verified,7,2,/root/Projects/Nathan/Patch-Attack-Verification/logs/20260407/20260407_091932_run_06_ub_0p75_timeouts_10_10_72000/004_adv_label_3_eran_run.log
2,1,7,0,0,10,0.75,10.0,True,False,0.5,single_label_rerun,5,2,1,9,TIME_LIMIT,timeout,True,False,23.072521,rerun_attempt_runtime,23.072521,8050.722612,Verified,7,2,/root/Projects/Nathan/Patch-Attack-Verification/logs/20260407/20260407_091932_run_06_ub_0p75_timeouts_10_10_72000/005_adv_label_7_eran_run.log
2,1,7,0,0,10,0.75,72000.0,True,False,0.5,single_label_rerun,6,3,2,6,CUTOFF,verified,False,False,3289.318159,rerun_attempt_runtime,3289.318159,8050.722612,Verified,7,2,/root/Projects/Nathan/Patch-Attack-Verification/logs/20260407/20260407_091932_run_06_ub_0p75_timeouts_10_10_72000/006_adv_label_7_eran_run.log
2,1,0,0,0,10,0.75,10.0,True,False,0.5,initial_all_labels,0,1,0,11,INTERRUPTED,verified,False,False,0.8199424743652344,initial_label_local_verify_time,67.237361,6125.827462,Verified,10,3,/root/Projects/Nathan/Patch-Attack-Verification/logs/20260407/20260407_091932_run_07_ub_0p75_timeouts_10_10_10_72000/000_all_labels_eran_run.log
2,1,2,0,0,10,0.75,10.0,True,False,0.5,initial_all_labels,0,1,0,9,TIME_LIMIT,timeout,True,False,,initial_label_local_missing,67.237361,6125.827462,Verified,10,3,/root/Projects/Nathan/Patch-Attack-Verification/logs/20260407/20260407_091932_run_07_ub_0p75_timeouts_10_10_10_72000/000_all_labels_eran_run.log
2,1,3,0,0,10,0.75,10.0,True,False,0.5,initial_all_labels,0,1,0,9,TIME_LIMIT,timeout,True,False,,initial_label_local_missing,67.237361,6125.827462,Verified,10,3,/root/Projects/Nathan/Patch-Attack-Verification/logs/20260407/20260407_091932_run_07_ub_0p75_timeouts_10_10_10_72000/000_all_labels_eran_run.log
2,1,4,0,0,10,0.75,10.0,True,False,0.5,initial_all_labels,0,1,0,6,CUTOFF,verified,False,False,3.4218902587890625,initial_label_local_verify_time,67.237361,6125.827462,Verified,10,3,/root/Projects/Nathan/Patch-Attack-Verification/logs/20260407/20260407_091932_run_07_ub_0p75_timeouts_10_10_10_72000/000_all_labels_eran_run.log
2,1,5,0,0,10,0.75,10.0,True,False,0.5,initial_all_labels,0,1,0,6,CUTOFF,verified,False,False,3.8005259037017822,initial_label_local_verify_time,67.237361,6125.827462,Verified,10,3,/root/Projects/Nathan/Patch-Attack-Verification/logs/20260407/20260407_091932_run_07_ub_0p75_timeouts_10_10_10_72000/000_all_labels_eran_run.log
2,1,6,0,0,10,0.75,10.0,True,False,0.5,initial_all_labels,0,1,0,6,CUTOFF,verified,False,False,3.3590452671051025,initial_label_local_verify_time,67.237361,6125.827462,Verified,10,3,/root/Projects/Nathan/Patch-Attack-Verification/logs/20260407/20260407_091932_run_07_ub_0p75_timeouts_10_10_10_72000/000_all_labels_eran_run.log
2,1,7,0,0,10,0.75,10.0,True,False,0.5,initial_all_labels,0,1,0,9,TIME_LIMIT,timeout,True,False,,initial_label_local_missing,67.237361,6125.827462,Verified,10,3,/root/Projects/Nathan/Patch-Attack-Verification/logs/20260407/20260407_091932_run_07_ub_0p75_timeouts_10_10_10_72000/000_all_labels_eran_run.log
2,1,8,0,0,10,0.75,10.0,True,False,0.5,initial_all_labels,0,1,0,6,CUTOFF,verified,False,False,4.875988721847534,initial_label_local_verify_time,67.237361,6125.827462,Verified,10,3,/root/Projects/Nathan/Patch-Attack-Verification/logs/20260407/20260407_091932_run_07_ub_0p75_timeouts_10_10_10_72000/000_all_labels_eran_run.log
2,1,9,0,0,10,0.75,10.0,True,False,0.5,initial_all_labels,0,1,0,6,CUTOFF,verified,False,False,3.6822595596313477,initial_label_local_verify_time,67.237361,6125.827462,Verified,10,3,/root/Projects/Nathan/Patch-Attack-Verification/logs/20260407/20260407_091932_run_07_ub_0p75_timeouts_10_10_10_72000/000_all_labels_eran_run.log
2,1,2,0,0,10,0.75,10.0,True,False,0.5,single_label_rerun,1,2,1,9,TIME_LIMIT,timeout,True,False,23.400464,rerun_attempt_runtime,23.400464,6125.827462,Verified,10,3,/root/Projects/Nathan/Patch-Attack-Verification/logs/20260407/20260407_091932_run_07_ub_0p75_timeouts_10_10_10_72000/001_adv_label_2_eran_run.log
2,1,2,0,0,10,0.75,10.0,True,False,0.5,single_label_rerun,2,3,2,9,TIME_LIMIT,timeout,True,False,23.534386,rerun_attempt_runtime,23.534386,6125.827462,Verified,10,3,/root/Projects/Nathan/Patch-Attack-Verification/logs/20260407/20260407_091932_run_07_ub_0p75_timeouts_10_10_10_72000/002_adv_label_2_eran_run.log
2,1,2,0,0,10,0.75,72000.0,True,False,0.5,single_label_rerun,3,4,3,6,CUTOFF,verified,False,False,3107.987214,rerun_attempt_runtime,3107.987214,6125.827462,Verified,10,3,/root/Projects/Nathan/Patch-Attack-Verification/logs/20260407/20260407_091932_run_07_ub_0p75_timeouts_10_10_10_72000/003_adv_label_2_eran_run.log
2,1,3,0,0,10,0.75,10.0,True,False,0.5,single_label_rerun,4,2,1,9,TIME_LIMIT,timeout,True,False,23.627987,rerun_attempt_runtime,23.627987,6125.827462,Verified,10,3,/root/Projects/Nathan/Patch-Attack-Verification/logs/20260407/20260407_091932_run_07_ub_0p75_timeouts_10_10_10_72000/004_adv_label_3_eran_run.log
2,1,3,0,0,10,0.75,10.0,True,False,0.5,single_label_rerun,5,3,2,9,TIME_LIMIT,timeout,True,False,23.035017,rerun_attempt_runtime,23.035017,6125.827462,Verified,10,3,/root/Projects/Nathan/Patch-Attack-Verification/logs/20260407/20260407_091932_run_07_ub_0p75_timeouts_10_10_10_72000/005_adv_label_3_eran_run.log
2,1,3,0,0,10,0.75,72000.0,True,False,0.5,single_label_rerun,6,4,3,6,CUTOFF,verified,False,False,39.010618,rerun_attempt_runtime,39.010618,6125.827462,Verified,10,3,/root/Projects/Nathan/Patch-Attack-Verification/logs/20260407/20260407_091932_run_07_ub_0p75_timeouts_10_10_10_72000/006_adv_label_3_eran_run.log
2,1,7,0,0,10,0.75,10.0,True,False,0.5,single_label_rerun,7,2,1,9,TIME_LIMIT,timeout,True,False,23.227504,rerun_attempt_runtime,23.227504,6125.827462,Verified,10,3,/root/Projects/Nathan/Patch-Attack-Verification/logs/20260407/20260407_091932_run_07_ub_0p75_timeouts_10_10_10_72000/007_adv_label_7_eran_run.log
2,1,7,0,0,10,0.75,10.0,True,False,0.5,single_label_rerun,8,3,2,9,TIME_LIMIT,timeout,True,False,23.037585,rerun_attempt_runtime,23.037585,6125.827462,Verified,10,3,/root/Projects/Nathan/Patch-Attack-Verification/logs/20260407/20260407_091932_run_07_ub_0p75_timeouts_10_10_10_72000/008_adv_label_7_eran_run.log
2,1,7,0,0,10,0.75,72000.0,True,False,0.5,single_label_rerun,9,4,3,6,CUTOFF,verified,False,False,2771.729326,rerun_attempt_runtime,2771.729326,6125.827462,Verified,10,3,/root/Projects/Nathan/Patch-Attack-Verification/logs/20260407/20260407_091932_run_07_ub_0p75_timeouts_10_10_10_72000/009_adv_label_7_eran_run.log
2,1,0,0,0,10,0.75,10.0,True,False,0.5,initial_all_labels,0,1,0,11,INTERRUPTED,verified,False,False,0.851855993270874,initial_label_local_verify_time,67.743772,6677.800573,Verified,13,4,/root/Projects/Nathan/Patch-Attack-Verification/logs/20260407/20260407_091932_run_08_ub_0p75_timeouts_10_10_10_10_72000/000_all_labels_eran_run.log
2,1,2,0,0,10,0.75,10.0,True,False,0.5,initial_all_labels,0,1,0,9,TIME_LIMIT,timeout,True,False,,initial_label_local_missing,67.743772,6677.800573,Verified,13,4,/root/Projects/Nathan/Patch-Attack-Verification/logs/20260407/20260407_091932_run_08_ub_0p75_timeouts_10_10_10_10_72000/000_all_labels_eran_run.log
2,1,3,0,0,10,0.75,10.0,True,False,0.5,initial_all_labels,0,1,0,9,TIME_LIMIT,timeout,True,False,,initial_label_local_missing,67.743772,6677.800573,Verified,13,4,/root/Projects/Nathan/Patch-Attack-Verification/logs/20260407/20260407_091932_run_08_ub_0p75_timeouts_10_10_10_10_72000/000_all_labels_eran_run.log
2,1,4,0,0,10,0.75,10.0,True,False,0.5,initial_all_labels,0,1,0,6,CUTOFF,verified,False,False,3.4962847232818604,initial_label_local_verify_time,67.743772,6677.800573,Verified,13,4,/root/Projects/Nathan/Patch-Attack-Verification/logs/20260407/20260407_091932_run_08_ub_0p75_timeouts_10_10_10_10_72000/000_all_labels_eran_run.log
2,1,5,0,0,10,0.75,10.0,True,False,0.5,initial_all_labels,0,1,0,6,CUTOFF,verified,False,False,3.9547319412231445,initial_label_local_verify_time,67.743772,6677.800573,Verified,13,4,/root/Projects/Nathan/Patch-Attack-Verification/logs/20260407/20260407_091932_run_08_ub_0p75_timeouts_10_10_10_10_72000/000_all_labels_eran_run.log
2,1,6,0,0,10,0.75,10.0,True,False,0.5,initial_all_labels,0,1,0,6,CUTOFF,verified,False,False,3.435725688934326,initial_label_local_verify_time,67.743772,6677.800573,Verified,13,4,/root/Projects/Nathan/Patch-Attack-Verification/logs/20260407/20260407_091932_run_08_ub_0p75_timeouts_10_10_10_10_72000/000_all_labels_eran_run.log
2,1,7,0,0,10,0.75,10.0,True,False,0.5,initial_all_labels,0,1,0,9,TIME_LIMIT,timeout,True,False,,initial_label_local_missing,67.743772,6677.800573,Verified,13,4,/root/Projects/Nathan/Patch-Attack-Verification/logs/20260407/20260407_091932_run_08_ub_0p75_timeouts_10_10_10_10_72000/000_all_labels_eran_run.log
2,1,8,0,0,10,0.75,10.0,True,False,0.5,initial_all_labels,0,1,0,6,CUTOFF,verified,False,False,4.789396286010742,initial_label_local_verify_time,67.743772,6677.800573,Verified,13,4,/root/Projects/Nathan/Patch-Attack-Verification/logs/20260407/20260407_091932_run_08_ub_0p75_timeouts_10_10_10_10_72000/000_all_labels_eran_run.log
2,1,9,0,0,10,0.75,10.0,True,False,0.5,initial_all_labels,0,1,0,6,CUTOFF,verified,False,False,3.740678548812866,initial_label_local_verify_time,67.743772,6677.800573,Verified,13,4,/root/Projects/Nathan/Patch-Attack-Verification/logs/20260407/20260407_091932_run_08_ub_0p75_timeouts_10_10_10_10_72000/000_all_labels_eran_run.log
2,1,2,0,0,10,0.75,10.0,True,False,0.5,single_label_rerun,1,2,1,9,TIME_LIMIT,timeout,True,False,23.328463,rerun_attempt_runtime,23.328463,6677.800573,Verified,13,4,/root/Projects/Nathan/Patch-Attack-Verification/logs/20260407/20260407_091932_run_08_ub_0p75_timeouts_10_10_10_10_72000/001_adv_label_2_eran_run.log
2,1,2,0,0,10,0.75,10.0,True,False,0.5,single_label_rerun,2,3,2,9,TIME_LIMIT,timeout,True,False,23.276746,rerun_attempt_runtime,23.276746,6677.800573,Verified,13,4,/root/Projects/Nathan/Patch-Attack-Verification/logs/20260407/20260407_091932_run_08_ub_0p75_timeouts_10_10_10_10_72000/002_adv_label_2_eran_run.log
2,1,2,0,0,10,0.75,10.0,True,False,0.5,single_label_rerun,3,4,3,9,TIME_LIMIT,timeout,True,False,23.384774,rerun_attempt_runtime,23.384774,6677.800573,Verified,13,4,/root/Projects/Nathan/Patch-Attack-Verification/logs/20260407/20260407_091932_run_08_ub_0p75_timeouts_10_10_10_10_72000/003_adv_label_2_eran_run.log
2,1,2,0,0,10,0.75,72000.0,True,False,0.5,single_label_rerun,4,5,4,11,INTERRUPTED,verified,False,False,3686.757474,rerun_attempt_runtime,3686.757474,6677.800573,Verified,13,4,/root/Projects/Nathan/Patch-Attack-Verification/logs/20260407/20260407_091932_run_08_ub_0p75_timeouts_10_10_10_10_72000/004_adv_label_2_eran_run.log
2,1,3,0,0,10,0.75,10.0,True,False,0.5,single_label_rerun,5,2,1,9,TIME_LIMIT,timeout,True,False,23.548021,rerun_attempt_runtime,23.548021,6677.800573,Verified,13,4,/root/Projects/Nathan/Patch-Attack-Verification/logs/20260407/20260407_091932_run_08_ub_0p75_timeouts_10_10_10_10_72000/005_adv_label_3_eran_run.log
2,1,3,0,0,10,0.75,10.0,True,False,0.5,single_label_rerun,6,3,2,9,TIME_LIMIT,timeout,True,False,23.250386,rerun_attempt_runtime,23.250386,6677.800573,Verified,13,4,/root/Projects/Nathan/Patch-Attack-Verification/logs/20260407/20260407_091932_run_08_ub_0p75_timeouts_10_10_10_10_72000/006_adv_label_3_eran_run.log
2,1,3,0,0,10,0.75,10.0,True,False,0.5,single_label_rerun,7,4,3,9,TIME_LIMIT,timeout,True,False,23.254639,rerun_attempt_runtime,23.254639,6677.800573,Verified,13,4,/root/Projects/Nathan/Patch-Attack-Verification/logs/20260407/20260407_091932_run_08_ub_0p75_timeouts_10_10_10_10_72000/007_adv_label_3_eran_run.log
2,1,3,0,0,10,0.75,72000.0,True,False,0.5,single_label_rerun,8,5,4,6,CUTOFF,verified,False,False,41.386282,rerun_attempt_runtime,41.386282,6677.800573,Verified,13,4,/root/Projects/Nathan/Patch-Attack-Verification/logs/20260407/20260407_091932_run_08_ub_0p75_timeouts_10_10_10_10_72000/008_adv_label_3_eran_run.log
2,1,7,0,0,10,0.75,10.0,True,False,0.5,single_label_rerun,9,2,1,9,TIME_LIMIT,timeout,True,False,23.115718,rerun_attempt_runtime,23.115718,6677.800573,Verified,13,4,/root/Projects/Nathan/Patch-Attack-Verification/logs/20260407/20260407_091932_run_08_ub_0p75_timeouts_10_10_10_10_72000/009_adv_label_7_eran_run.log
2,1,7,0,0,10,0.75,10.0,True,False,0.5,single_label_rerun,10,3,2,9,TIME_LIMIT,timeout,True,False,23.180743,rerun_attempt_runtime,23.180743,6677.800573,Verified,13,4,/root/Projects/Nathan/Patch-Attack-Verification/logs/20260407/20260407_091932_run_08_ub_0p75_timeouts_10_10_10_10_72000/010_adv_label_7_eran_run.log
2,1,7,0,0,10,0.75,10.0,True,False,0.5,single_label_rerun,11,4,3,9,TIME_LIMIT,timeout,True,False,23.446348,rerun_attempt_runtime,23.446348,6677.800573,Verified,13,4,/root/Projects/Nathan/Patch-Attack-Verification/logs/20260407/20260407_091932_run_08_ub_0p75_timeouts_10_10_10_10_72000/011_adv_label_7_eran_run.log
2,1,7,0,0,10,0.75,72000.0,True,False,0.5,single_label_rerun,12,5,4,6,CUTOFF,verified,False,False,2672.127207,rerun_attempt_runtime,2672.127207,6677.800573,Verified,13,4,/root/Projects/Nathan/Patch-Attack-Verification/logs/20260407/20260407_091932_run_08_ub_0p75_timeouts_10_10_10_10_72000/012_adv_label_7_eran_run.log
2,1,0,0,0,10,0.8,10.0,True,False,0.5,initial_all_labels,0,1,0,6,CUTOFF,verified,False,False,3.47908616065979,initial_label_local_verify_time,80.718123,10268.477617,Verified,5,1,/root/Projects/Nathan/Patch-Attack-Verification/logs/20260407/20260407_091932_run_09_ub_0p8_timeouts_10_72000/000_all_labels_eran_run.log
2,1,2,0,0,10,0.8,10.0,True,False,0.5,initial_all_labels,0,1,0,9,TIME_LIMIT,timeout,True,False,,initial_label_local_missing,80.718123,10268.477617,Verified,5,1,/root/Projects/Nathan/Patch-Attack-Verification/logs/20260407/20260407_091932_run_09_ub_0p8_timeouts_10_72000/000_all_labels_eran_run.log
2,1,3,0,0,10,0.8,10.0,True,False,0.5,initial_all_labels,0,1,0,9,TIME_LIMIT,timeout,True,False,,initial_label_local_missing,80.718123,10268.477617,Verified,5,1,/root/Projects/Nathan/Patch-Attack-Verification/logs/20260407/20260407_091932_run_09_ub_0p8_timeouts_10_72000/000_all_labels_eran_run.log
2,1,4,0,0,10,0.8,10.0,True,False,0.5,initial_all_labels,0,1,0,6,CUTOFF,verified,False,False,3.6994292736053467,initial_label_local_verify_time,80.718123,10268.477617,Verified,5,1,/root/Projects/Nathan/Patch-Attack-Verification/logs/20260407/20260407_091932_run_09_ub_0p8_timeouts_10_72000/000_all_labels_eran_run.log
2,1,5,0,0,10,0.8,10.0,True,False,0.5,initial_all_labels,0,1,0,6,CUTOFF,verified,False,False,3.4585461616516113,initial_label_local_verify_time,80.718123,10268.477617,Verified,5,1,/root/Projects/Nathan/Patch-Attack-Verification/logs/20260407/20260407_091932_run_09_ub_0p8_timeouts_10_72000/000_all_labels_eran_run.log
2,1,6,0,0,10,0.8,10.0,True,False,0.5,initial_all_labels,0,1,0,6,CUTOFF,verified,False,False,3.815824508666992,initial_label_local_verify_time,80.718123,10268.477617,Verified,5,1,/root/Projects/Nathan/Patch-Attack-Verification/logs/20260407/20260407_091932_run_09_ub_0p8_timeouts_10_72000/000_all_labels_eran_run.log
2,1,7,0,0,10,0.8,10.0,True,False,0.5,initial_all_labels,0,1,0,9,TIME_LIMIT,timeout,True,False,,initial_label_local_missing,80.718123,10268.477617,Verified,5,1,/root/Projects/Nathan/Patch-Attack-Verification/logs/20260407/20260407_091932_run_09_ub_0p8_timeouts_10_72000/000_all_labels_eran_run.log
2,1,8,0,0,10,0.8,10.0,True,False,0.5,initial_all_labels,0,1,0,9,TIME_LIMIT,timeout,True,False,,initial_label_local_missing,80.718123,10268.477617,Verified,5,1,/root/Projects/Nathan/Patch-Attack-Verification/logs/20260407/20260407_091932_run_09_ub_0p8_timeouts_10_72000/000_all_labels_eran_run.log
2,1,9,0,0,10,0.8,10.0,True,False,0.5,initial_all_labels,0,1,0,6,CUTOFF,verified,False,False,4.278770685195923,initial_label_local_verify_time,80.718123,10268.477617,Verified,5,1,/root/Projects/Nathan/Patch-Attack-Verification/logs/20260407/20260407_091932_run_09_ub_0p8_timeouts_10_72000/000_all_labels_eran_run.log
2,1,2,0,0,10,0.8,72000.0,True,False,0.5,single_label_rerun,1,2,1,6,CUTOFF,verified,False,False,7574.75077,rerun_attempt_runtime,7574.75077,10268.477617,Verified,5,1,/root/Projects/Nathan/Patch-Attack-Verification/logs/20260407/20260407_091932_run_09_ub_0p8_timeouts_10_72000/001_adv_label_2_eran_run.log
2,1,3,0,0,10,0.8,72000.0,True,False,0.5,single_label_rerun,2,2,1,6,CUTOFF,verified,False,False,319.480539,rerun_attempt_runtime,319.480539,10268.477617,Verified,5,1,/root/Projects/Nathan/Patch-Attack-Verification/logs/20260407/20260407_091932_run_09_ub_0p8_timeouts_10_72000/002_adv_label_3_eran_run.log
2,1,7,0,0,10,0.8,72000.0,True,False,0.5,single_label_rerun,3,2,1,11,INTERRUPTED,verified,False,False,2185.733209,rerun_attempt_runtime,2185.733209,10268.477617,Verified,5,1,/root/Projects/Nathan/Patch-Attack-Verification/logs/20260407/20260407_091932_run_09_ub_0p8_timeouts_10_72000/003_adv_label_7_eran_run.log
2,1,8,0,0,10,0.8,72000.0,True,False,0.5,single_label_rerun,4,2,1,6,CUTOFF,verified,False,False,107.794976,rerun_attempt_runtime,107.794976,10268.477617,Verified,5,1,/root/Projects/Nathan/Patch-Attack-Verification/logs/20260407/20260407_091932_run_09_ub_0p8_timeouts_10_72000/004_adv_label_8_eran_run.log
2,1,0,0,0,10,0.8,10.0,True,False,0.5,initial_all_labels,0,1,0,6,CUTOFF,verified,False,False,3.5040483474731445,initial_label_local_verify_time,81.330408,17848.519439,Verified,9,2,/root/Projects/Nathan/Patch-Attack-Verification/logs/20260407/20260407_091932_run_10_ub_0p8_timeouts_10_10_72000/000_all_labels_eran_run.log
2,1,2,0,0,10,0.8,10.0,True,False,0.5,initial_all_labels,0,1,0,9,TIME_LIMIT,timeout,True,False,,initial_label_local_missing,81.330408,17848.519439,Verified,9,2,/root/Projects/Nathan/Patch-Attack-Verification/logs/20260407/20260407_091932_run_10_ub_0p8_timeouts_10_10_72000/000_all_labels_eran_run.log
2,1,3,0,0,10,0.8,10.0,True,False,0.5,initial_all_labels,0,1,0,9,TIME_LIMIT,timeout,True,False,,initial_label_local_missing,81.330408,17848.519439,Verified,9,2,/root/Projects/Nathan/Patch-Attack-Verification/logs/20260407/20260407_091932_run_10_ub_0p8_timeouts_10_10_72000/000_all_labels_eran_run.log
2,1,4,0,0,10,0.8,10.0,True,False,0.5,initial_all_labels,0,1,0,6,CUTOFF,verified,False,False,3.74705171585083,initial_label_local_verify_time,81.330408,17848.519439,Verified,9,2,/root/Projects/Nathan/Patch-Attack-Verification/logs/20260407/20260407_091932_run_10_ub_0p8_timeouts_10_10_72000/000_all_labels_eran_run.log
2,1,5,0,0,10,0.8,10.0,True,False,0.5,initial_all_labels,0,1,0,6,CUTOFF,verified,False,False,3.522939920425415,initial_label_local_verify_time,81.330408,17848.519439,Verified,9,2,/root/Projects/Nathan/Patch-Attack-Verification/logs/20260407/20260407_091932_run_10_ub_0p8_timeouts_10_10_72000/000_all_labels_eran_run.log
2,1,6,0,0,10,0.8,10.0,True,False,0.5,initial_all_labels,0,1,0,6,CUTOFF,verified,False,False,3.745358467102051,initial_label_local_verify_time,81.330408,17848.519439,Verified,9,2,/root/Projects/Nathan/Patch-Attack-Verification/logs/20260407/20260407_091932_run_10_ub_0p8_timeouts_10_10_72000/000_all_labels_eran_run.log
2,1,7,0,0,10,0.8,10.0,True,False,0.5,initial_all_labels,0,1,0,9,TIME_LIMIT,timeout,True,False,,initial_label_local_missing,81.330408,17848.519439,Verified,9,2,/root/Projects/Nathan/Patch-Attack-Verification/logs/20260407/20260407_091932_run_10_ub_0p8_timeouts_10_10_72000/000_all_labels_eran_run.log
2,1,8,0,0,10,0.8,10.0,True,False,0.5,initial_all_labels,0,1,0,9,TIME_LIMIT,timeout,True,False,,initial_label_local_missing,81.330408,17848.519439,Verified,9,2,/root/Projects/Nathan/Patch-Attack-Verification/logs/20260407/20260407_091932_run_10_ub_0p8_timeouts_10_10_72000/000_all_labels_eran_run.log
2,1,9,0,0,10,0.8,10.0,True,False,0.5,initial_all_labels,0,1,0,6,CUTOFF,verified,False,False,4.128595352172852,initial_label_local_verify_time,81.330408,17848.519439,Verified,9,2,/root/Projects/Nathan/Patch-Attack-Verification/logs/20260407/20260407_091932_run_10_ub_0p8_timeouts_10_10_72000/000_all_labels_eran_run.log
2,1,2,0,0,10,0.8,10.0,True,False,0.5,single_label_rerun,1,2,1,9,TIME_LIMIT,timeout,True,False,24.846773,rerun_attempt_runtime,24.846773,17848.519439,Verified,9,2,/root/Projects/Nathan/Patch-Attack-Verification/logs/20260407/20260407_091932_run_10_ub_0p8_timeouts_10_10_72000/001_adv_label_2_eran_run.log
2,1,2,0,0,10,0.8,72000.0,True,False,0.5,single_label_rerun,2,3,2,11,INTERRUPTED,verified,False,False,12989.420819,rerun_attempt_runtime,12989.420819,17848.519439,Verified,9,2,/root/Projects/Nathan/Patch-Attack-Verification/logs/20260407/20260407_091932_run_10_ub_0p8_timeouts_10_10_72000/002_adv_label_2_eran_run.log
2,1,3,0,0,10,0.8,10.0,True,False,0.5,single_label_rerun,3,2,1,9,TIME_LIMIT,timeout,True,False,25.007088,rerun_attempt_runtime,25.007088,17848.519439,Verified,9,2,/root/Projects/Nathan/Patch-Attack-Verification/logs/20260407/20260407_091932_run_10_ub_0p8_timeouts_10_10_72000/003_adv_label_3_eran_run.log
2,1,3,0,0,10,0.8,72000.0,True,False,0.5,single_label_rerun,4,3,2,6,CUTOFF,verified,False,False,228.964424,rerun_attempt_runtime,228.964424,17848.519439,Verified,9,2,/root/Projects/Nathan/Patch-Attack-Verification/logs/20260407/20260407_091932_run_10_ub_0p8_timeouts_10_10_72000/004_adv_label_3_eran_run.log
2,1,7,0,0,10,0.8,10.0,True,False,0.5,single_label_rerun,5,2,1,9,TIME_LIMIT,timeout,True,False,24.657706,rerun_attempt_runtime,24.657706,17848.519439,Verified,9,2,/root/Projects/Nathan/Patch-Attack-Verification/logs/20260407/20260407_091932_run_10_ub_0p8_timeouts_10_10_72000/005_adv_label_7_eran_run.log
2,1,7,0,0,10,0.8,72000.0,True,False,0.5,single_label_rerun,6,3,2,11,INTERRUPTED,verified,False,False,4327.472777,rerun_attempt_runtime,4327.472777,17848.519439,Verified,9,2,/root/Projects/Nathan/Patch-Attack-Verification/logs/20260407/20260407_091932_run_10_ub_0p8_timeouts_10_10_72000/006_adv_label_7_eran_run.log
2,1,8,0,0,10,0.8,10.0,True,False,0.5,single_label_rerun,7,2,1,9,TIME_LIMIT,timeout,True,False,25.172626,rerun_attempt_runtime,25.172626,17848.519439,Verified,9,2,/root/Projects/Nathan/Patch-Attack-Verification/logs/20260407/20260407_091932_run_10_ub_0p8_timeouts_10_10_72000/007_adv_label_8_eran_run.log
2,1,8,0,0,10,0.8,72000.0,True,False,0.5,single_label_rerun,8,3,2,6,CUTOFF,verified,False,False,121.646818,rerun_attempt_runtime,121.646818,17848.519439,Verified,9,2,/root/Projects/Nathan/Patch-Attack-Verification/logs/20260407/20260407_091932_run_10_ub_0p8_timeouts_10_10_72000/008_adv_label_8_eran_run.log
2,1,0,0,0,10,0.8,10.0,True,False,0.5,initial_all_labels,0,1,0,6,CUTOFF,verified,False,False,3.473055124282837,initial_label_local_verify_time,80.242543,53686.925826,Verified,13,3,/root/Projects/Nathan/Patch-Attack-Verification/logs/20260408/20260407_091932_run_11_ub_0p8_timeouts_10_10_10_72000/000_all_labels_eran_run.log
2,1,2,0,0,10,0.8,10.0,True,False,0.5,initial_all_labels,0,1,0,9,TIME_LIMIT,timeout,True,False,,initial_label_local_missing,80.242543,53686.925826,Verified,13,3,/root/Projects/Nathan/Patch-Attack-Verification/logs/20260408/20260407_091932_run_11_ub_0p8_timeouts_10_10_10_72000/000_all_labels_eran_run.log
2,1,3,0,0,10,0.8,10.0,True,False,0.5,initial_all_labels,0,1,0,9,TIME_LIMIT,timeout,True,False,,initial_label_local_missing,80.242543,53686.925826,Verified,13,3,/root/Projects/Nathan/Patch-Attack-Verification/logs/20260408/20260407_091932_run_11_ub_0p8_timeouts_10_10_10_72000/000_all_labels_eran_run.log
2,1,4,0,0,10,0.8,10.0,True,False,0.5,initial_all_labels,0,1,0,6,CUTOFF,verified,False,False,3.6557013988494873,initial_label_local_verify_time,80.242543,53686.925826,Verified,13,3,/root/Projects/Nathan/Patch-Attack-Verification/logs/20260408/20260407_091932_run_11_ub_0p8_timeouts_10_10_10_72000/000_all_labels_eran_run.log
2,1,5,0,0,10,0.8,10.0,True,False,0.5,initial_all_labels,0,1,0,6,CUTOFF,verified,False,False,3.4403955936431885,initial_label_local_verify_time,80.242543,53686.925826,Verified,13,3,/root/Projects/Nathan/Patch-Attack-Verification/logs/20260408/20260407_091932_run_11_ub_0p8_timeouts_10_10_10_72000/000_all_labels_eran_run.log
2,1,6,0,0,10,0.8,10.0,True,False,0.5,initial_all_labels,0,1,0,6,CUTOFF,verified,False,False,3.6653506755828857,initial_label_local_verify_time,80.242543,53686.925826,Verified,13,3,/root/Projects/Nathan/Patch-Attack-Verification/logs/20260408/20260407_091932_run_11_ub_0p8_timeouts_10_10_10_72000/000_all_labels_eran_run.log
2,1,7,0,0,10,0.8,10.0,True,False,0.5,initial_all_labels,0,1,0,9,TIME_LIMIT,timeout,True,False,,initial_label_local_missing,80.242543,53686.925826,Verified,13,3,/root/Projects/Nathan/Patch-Attack-Verification/logs/20260408/20260407_091932_run_11_ub_0p8_timeouts_10_10_10_72000/000_all_labels_eran_run.log
2,1,8,0,0,10,0.8,10.0,True,False,0.5,initial_all_labels,0,1,0,9,TIME_LIMIT,timeout,True,False,,initial_label_local_missing,80.242543,53686.925826,Verified,13,3,/root/Projects/Nathan/Patch-Attack-Verification/logs/20260408/20260407_091932_run_11_ub_0p8_timeouts_10_10_10_72000/000_all_labels_eran_run.log
2,1,9,0,0,10,0.8,10.0,True,False,0.5,initial_all_labels,0,1,0,6,CUTOFF,verified,False,False,4.308450937271118,initial_label_local_verify_time,80.242543,53686.925826,Verified,13,3,/root/Projects/Nathan/Patch-Attack-Verification/logs/20260408/20260407_091932_run_11_ub_0p8_timeouts_10_10_10_72000/000_all_labels_eran_run.log
2,1,2,0,0,10,0.8,10.0,True,False,0.5,single_label_rerun,1,2,1,9,TIME_LIMIT,timeout,True,False,24.812503,rerun_attempt_runtime,24.812503,53686.925826,Verified,13,3,/root/Projects/Nathan/Patch-Attack-Verification/logs/20260408/20260407_091932_run_11_ub_0p8_timeouts_10_10_10_72000/001_adv_label_2_eran_run.log
2,1,2,0,0,10,0.8,10.0,True,False,0.5,single_label_rerun,2,3,2,9,TIME_LIMIT,timeout,True,False,25.638968,rerun_attempt_runtime,25.638968,53686.925826,Verified,13,3,/root/Projects/Nathan/Patch-Attack-Verification/logs/20260408/20260407_091932_run_11_ub_0p8_timeouts_10_10_10_72000/002_adv_label_2_eran_run.log
2,1,2,0,0,10,0.8,72000.0,True,False,0.5,single_label_rerun,3,4,3,11,INTERRUPTED,verified,False,False,49980.783163,rerun_attempt_runtime,49980.783163,53686.925826,Verified,13,3,/root/Projects/Nathan/Patch-Attack-Verification/logs/20260408/20260407_091932_run_11_ub_0p8_timeouts_10_10_10_72000/003_adv_label_2_eran_run.log
2,1,3,0,0,10,0.8,10.0,True,False,0.5,single_label_rerun,4,2,1,9,TIME_LIMIT,timeout,True,False,25.238899,rerun_attempt_runtime,25.238899,53686.925826,Verified,13,3,/root/Projects/Nathan/Patch-Attack-Verification/logs/20260408/20260407_091932_run_11_ub_0p8_timeouts_10_10_10_72000/004_adv_label_3_eran_run.log
2,1,3,0,0,10,0.8,10.0,True,False,0.5,single_label_rerun,5,3,2,9,TIME_LIMIT,timeout,True,False,24.396349,rerun_attempt_runtime,24.396349,53686.925826,Verified,13,3,/root/Projects/Nathan/Patch-Attack-Verification/logs/20260408/20260407_091932_run_11_ub_0p8_timeouts_10_10_10_72000/005_adv_label_3_eran_run.log
2,1,3,0,0,10,0.8,72000.0,True,False,0.5,single_label_rerun,6,4,3,6,CUTOFF,verified,False,False,217.350859,rerun_attempt_runtime,217.350859,53686.925826,Verified,13,3,/root/Projects/Nathan/Patch-Attack-Verification/logs/20260408/20260407_091932_run_11_ub_0p8_timeouts_10_10_10_72000/006_adv_label_3_eran_run.log
2,1,7,0,0,10,0.8,10.0,True,False,0.5,single_label_rerun,7,2,1,9,TIME_LIMIT,timeout,True,False,24.873771,rerun_attempt_runtime,24.873771,53686.925826,Verified,13,3,/root/Projects/Nathan/Patch-Attack-Verification/logs/20260408/20260407_091932_run_11_ub_0p8_timeouts_10_10_10_72000/007_adv_label_7_eran_run.log
2,1,7,0,0,10,0.8,10.0,True,False,0.5,single_label_rerun,8,3,2,9,TIME_LIMIT,timeout,True,False,24.958703,rerun_attempt_runtime,24.958703,53686.925826,Verified,13,3,/root/Projects/Nathan/Patch-Attack-Verification/logs/20260408/20260407_091932_run_11_ub_0p8_timeouts_10_10_10_72000/008_adv_label_7_eran_run.log
2,1,7,0,0,10,0.8,72000.0,True,False,0.5,single_label_rerun,9,4,3,6,CUTOFF,verified,False,False,3058.227054,rerun_attempt_runtime,3058.227054,53686.925826,Verified,13,3,/root/Projects/Nathan/Patch-Attack-Verification/logs/20260408/20260407_091932_run_11_ub_0p8_timeouts_10_10_10_72000/009_adv_label_7_eran_run.log
2,1,8,0,0,10,0.8,10.0,True,False,0.5,single_label_rerun,10,2,1,9,TIME_LIMIT,timeout,True,False,24.918981,rerun_attempt_runtime,24.918981,53686.925826,Verified,13,3,/root/Projects/Nathan/Patch-Attack-Verification/logs/20260408/20260407_091932_run_11_ub_0p8_timeouts_10_10_10_72000/010_adv_label_8_eran_run.log
2,1,8,0,0,10,0.8,10.0,True,False,0.5,single_label_rerun,11,3,2,9,TIME_LIMIT,timeout,True,False,25.582006,rerun_attempt_runtime,25.582006,53686.925826,Verified,13,3,/root/Projects/Nathan/Patch-Attack-Verification/logs/20260408/20260407_091932_run_11_ub_0p8_timeouts_10_10_10_72000/011_adv_label_8_eran_run.log
2,1,8,0,0,10,0.8,72000.0,True,False,0.5,single_label_rerun,12,4,3,6,CUTOFF,verified,False,False,149.902027,rerun_attempt_runtime,149.902027,53686.925826,Verified,13,3,/root/Projects/Nathan/Patch-Attack-Verification/logs/20260408/20260407_091932_run_11_ub_0p8_timeouts_10_10_10_72000/012_adv_label_8_eran_run.log
2,1,0,0,0,10,0.8,10.0,True,False,0.5,initial_all_labels,0,1,0,6,CUTOFF,verified,False,False,3.482121467590332,initial_label_local_verify_time,81.055915,49509.185821,Verified,17,4,/root/Projects/Nathan/Patch-Attack-Verification/logs/20260408/20260407_091932_run_12_ub_0p8_timeouts_10_10_10_10_72000/000_all_labels_eran_run.log
2,1,2,0,0,10,0.8,10.0,True,False,0.5,initial_all_labels,0,1,0,9,TIME_LIMIT,timeout,True,False,,initial_label_local_missing,81.055915,49509.185821,Verified,17,4,/root/Projects/Nathan/Patch-Attack-Verification/logs/20260408/20260407_091932_run_12_ub_0p8_timeouts_10_10_10_10_72000/000_all_labels_eran_run.log
2,1,3,0,0,10,0.8,10.0,True,False,0.5,initial_all_labels,0,1,0,9,TIME_LIMIT,timeout,True,False,,initial_label_local_missing,81.055915,49509.185821,Verified,17,4,/root/Projects/Nathan/Patch-Attack-Verification/logs/20260408/20260407_091932_run_12_ub_0p8_timeouts_10_10_10_10_72000/000_all_labels_eran_run.log
2,1,4,0,0,10,0.8,10.0,True,False,0.5,initial_all_labels,0,1,0,6,CUTOFF,verified,False,False,3.7026612758636475,initial_label_local_verify_time,81.055915,49509.185821,Verified,17,4,/root/Projects/Nathan/Patch-Attack-Verification/logs/20260408/20260407_091932_run_12_ub_0p8_timeouts_10_10_10_10_72000/000_all_labels_eran_run.log
2,1,5,0,0,10,0.8,10.0,True,False,0.5,initial_all_labels,0,1,0,6,CUTOFF,verified,False,False,3.4184422492980957,initial_label_local_verify_time,81.055915,49509.185821,Verified,17,4,/root/Projects/Nathan/Patch-Attack-Verification/logs/20260408/20260407_091932_run_12_ub_0p8_timeouts_10_10_10_10_72000/000_all_labels_eran_run.log
2,1,6,0,0,10,0.8,10.0,True,False,0.5,initial_all_labels,0,1,0,6,CUTOFF,verified,False,False,3.685730457305908,initial_label_local_verify_time,81.055915,49509.185821,Verified,17,4,/root/Projects/Nathan/Patch-Attack-Verification/logs/20260408/20260407_091932_run_12_ub_0p8_timeouts_10_10_10_10_72000/000_all_labels_eran_run.log
2,1,7,0,0,10,0.8,10.0,True,False,0.5,initial_all_labels,0,1,0,9,TIME_LIMIT,timeout,True,False,,initial_label_local_missing,81.055915,49509.185821,Verified,17,4,/root/Projects/Nathan/Patch-Attack-Verification/logs/20260408/20260407_091932_run_12_ub_0p8_timeouts_10_10_10_10_72000/000_all_labels_eran_run.log
2,1,8,0,0,10,0.8,10.0,True,False,0.5,initial_all_labels,0,1,0,9,TIME_LIMIT,timeout,True,False,,initial_label_local_missing,81.055915,49509.185821,Verified,17,4,/root/Projects/Nathan/Patch-Attack-Verification/logs/20260408/20260407_091932_run_12_ub_0p8_timeouts_10_10_10_10_72000/000_all_labels_eran_run.log
2,1,9,0,0,10,0.8,10.0,True,False,0.5,initial_all_labels,0,1,0,6,CUTOFF,verified,False,False,4.354492664337158,initial_label_local_verify_time,81.055915,49509.185821,Verified,17,4,/root/Projects/Nathan/Patch-Attack-Verification/logs/20260408/20260407_091932_run_12_ub_0p8_timeouts_10_10_10_10_72000/000_all_labels_eran_run.log
2,1,2,0,0,10,0.8,10.0,True,False,0.5,single_label_rerun,1,2,1,9,TIME_LIMIT,timeout,True,False,24.731493,rerun_attempt_runtime,24.731493,49509.185821,Verified,17,4,/root/Projects/Nathan/Patch-Attack-Verification/logs/20260408/20260407_091932_run_12_ub_0p8_timeouts_10_10_10_10_72000/001_adv_label_2_eran_run.log
2,1,2,0,0,10,0.8,10.0,True,False,0.5,single_label_rerun,2,3,2,9,TIME_LIMIT,timeout,True,False,25.486483,rerun_attempt_runtime,25.486483,49509.185821,Verified,17,4,/root/Projects/Nathan/Patch-Attack-Verification/logs/20260408/20260407_091932_run_12_ub_0p8_timeouts_10_10_10_10_72000/002_adv_label_2_eran_run.log
2,1,2,0,0,10,0.8,10.0,True,False,0.5,single_label_rerun,3,4,3,9,TIME_LIMIT,timeout,True,False,25.236543,rerun_attempt_runtime,25.236543,49509.185821,Verified,17,4,/root/Projects/Nathan/Patch-Attack-Verification/logs/20260408/20260407_091932_run_12_ub_0p8_timeouts_10_10_10_10_72000/003_adv_label_2_eran_run.log
2,1,2,0,0,10,0.8,72000.0,True,False,0.5,single_label_rerun,4,5,4,11,INTERRUPTED,verified,False,False,35607.244875,rerun_attempt_runtime,35607.244875,49509.185821,Verified,17,4,/root/Projects/Nathan/Patch-Attack-Verification/logs/20260408/20260407_091932_run_12_ub_0p8_timeouts_10_10_10_10_72000/004_adv_label_2_eran_run.log
2,1,3,0,0,10,0.8,10.0,True,False,0.5,single_label_rerun,5,2,1,9,TIME_LIMIT,timeout,True,False,25.018965,rerun_attempt_runtime,25.018965,49509.185821,Verified,17,4,/root/Projects/Nathan/Patch-Attack-Verification/logs/20260408/20260407_091932_run_12_ub_0p8_timeouts_10_10_10_10_72000/005_adv_label_3_eran_run.log
2,1,3,0,0,10,0.8,10.0,True,False,0.5,single_label_rerun,6,3,2,9,TIME_LIMIT,timeout,True,False,24.360972,rerun_attempt_runtime,24.360972,49509.185821,Verified,17,4,/root/Projects/Nathan/Patch-Attack-Verification/logs/20260408/20260407_091932_run_12_ub_0p8_timeouts_10_10_10_10_72000/006_adv_label_3_eran_run.log
2,1,3,0,0,10,0.8,10.0,True,False,0.5,single_label_rerun,7,4,3,9,TIME_LIMIT,timeout,True,False,25.592011,rerun_attempt_runtime,25.592011,49509.185821,Verified,17,4,/root/Projects/Nathan/Patch-Attack-Verification/logs/20260408/20260407_091932_run_12_ub_0p8_timeouts_10_10_10_10_72000/007_adv_label_3_eran_run.log
2,1,3,0,0,10,0.8,72000.0,True,False,0.5,single_label_rerun,8,5,4,6,CUTOFF,verified,False,False,225.195615,rerun_attempt_runtime,225.195615,49509.185821,Verified,17,4,/root/Projects/Nathan/Patch-Attack-Verification/logs/20260408/20260407_091932_run_12_ub_0p8_timeouts_10_10_10_10_72000/008_adv_label_3_eran_run.log
2,1,7,0,0,10,0.8,10.0,True,False,0.5,single_label_rerun,9,2,1,9,TIME_LIMIT,timeout,True,False,24.606964,rerun_attempt_runtime,24.606964,49509.185821,Verified,17,4,/root/Projects/Nathan/Patch-Attack-Verification/logs/20260408/20260407_091932_run_12_ub_0p8_timeouts_10_10_10_10_72000/009_adv_label_7_eran_run.log
2,1,7,0,0,10,0.8,10.0,True,False,0.5,single_label_rerun,10,3,2,9,TIME_LIMIT,timeout,True,False,24.889759,rerun_attempt_runtime,24.889759,49509.185821,Verified,17,4,/root/Projects/Nathan/Patch-Attack-Verification/logs/20260408/20260407_091932_run_12_ub_0p8_timeouts_10_10_10_10_72000/010_adv_label_7_eran_run.log
2,1,7,0,0,10,0.8,10.0,True,False,0.5,single_label_rerun,11,4,3,9,TIME_LIMIT,timeout,True,False,25.764783,rerun_attempt_runtime,25.764783,49509.185821,Verified,17,4,/root/Projects/Nathan/Patch-Attack-Verification/logs/20260408/20260407_091932_run_12_ub_0p8_timeouts_10_10_10_10_72000/011_adv_label_7_eran_run.log
2,1,7,0,0,10,0.8,72000.0,True,False,0.5,single_label_rerun,12,5,4,11,INTERRUPTED,verified,False,False,13164.469874,rerun_attempt_runtime,13164.469874,49509.185821,Verified,17,4,/root/Projects/Nathan/Patch-Attack-Verification/logs/20260408/20260407_091932_run_12_ub_0p8_timeouts_10_10_10_10_72000/012_adv_label_7_eran_run.log
2,1,8,0,0,10,0.8,10.0,True,False,0.5,single_label_rerun,13,2,1,9,TIME_LIMIT,timeout,True,False,24.862254,rerun_attempt_runtime,24.862254,49509.185821,Verified,17,4,/root/Projects/Nathan/Patch-Attack-Verification/logs/20260408/20260407_091932_run_12_ub_0p8_timeouts_10_10_10_10_72000/013_adv_label_8_eran_run.log
2,1,8,0,0,10,0.8,10.0,True,False,0.5,single_label_rerun,14,3,2,9,TIME_LIMIT,timeout,True,False,25.350615,rerun_attempt_runtime,25.350615,49509.185821,Verified,17,4,/root/Projects/Nathan/Patch-Attack-Verification/logs/20260408/20260407_091932_run_12_ub_0p8_timeouts_10_10_10_10_72000/014_adv_label_8_eran_run.log
2,1,8,0,0,10,0.8,10.0,True,False,0.5,single_label_rerun,15,4,3,9,TIME_LIMIT,timeout,True,False,24.912792,rerun_attempt_runtime,24.912792,49509.185821,Verified,17,4,/root/Projects/Nathan/Patch-Attack-Verification/logs/20260408/20260407_091932_run_12_ub_0p8_timeouts_10_10_10_10_72000/015_adv_label_8_eran_run.log
2,1,8,0,0,10,0.8,72000.0,True,False,0.5,single_label_rerun,16,5,4,6,CUTOFF,verified,False,False,130.405908,rerun_attempt_runtime,130.405908,49509.185821,Verified,17,4,/root/Projects/Nathan/Patch-Attack-Verification/logs/20260408/20260407_091932_run_12_ub_0p8_timeouts_10_10_10_10_72000/016_adv_label_8_eran_run.log
